article_ref,description,system_ref,unit,min_qty
106116,LOCKING BAR (MF) (106117),ADS / AWS 65,BAR,0
112720,Cover cap 15,ASE 80 Lift & Slide + CW,BAR,0
132710,Outer shell,ASE 80 Lift & Slide + CW,BAR,0
138820,Outer shell 34,ASE 80 Lift & Slide + CW,BAR,0
138880,Cover prof. SlimL,ASE 80 Lift & Slide + CW,BAR,0
175780,T-cleat profile,ASE 80 Lift & Slide + CW,BAR,0
176040,T-cleat profile,ASE 80 Lift & Slide + CW,BAR,0
183070,Outer shell 73,ADS / AWS 65,BAR,0
183090,OUTER PROFILE 98 (395400) ( O ),ADS / AWS 65,BAR,0
183950,Inner shell 100,ADS 65 HINGED DOOR,BAR,0
184020,GLZNG BEAD 22-7,ASE 55 Lift & Slide,BAR,0
184030,Glzng bead 22-12,ADS / AWS 65,BAR,0
184040,GLAZING BEAD I 17,ADS / AWS 65,BAR,0
184060,GLAZING BEAD I 27,ADS / AWS 65,BAR,0
184080,GLAZING BEAD I 37,ADS / AWS 65,BAR,0
184090,Glzng bead 22-42,"70PD & 90HI, 35PD CW - 7pcs",BAR,0
188050,Rebate profile 12,ADS 65 HINGED DOOR,BAR,0
188920,Outer shell 125,ADS 65 HINGED DOOR,BAR,0
201316,Track St 15,ASE 36,BAR,0
201399,Track,AS FD 90 HI,BAR,0
202790,"Track 13x12,5",ASE 54 PD,BAR,0
203102,Glazing bead clip For coatng,ADS / AWS 65,PACKET,0
203109,GLAZING BEAD CLIP,AWS65,PACKET,0
203208,Cover prof.,ASE 80 Lift & Slide + CW,BAR,0
203540,"Brush seal Centre bar 6,5",ASE 54 PD,PACKET,0
205007,"Rivet nut M4/6x11,5",ASE 70 PD.ME,PACKET,0
205008,Rivet nut M5/7x13,AS FD 90 HI,PACKET,0
205080,"C/s screw ST3,9x13 ISR15",ADS / AWS 65,PACKET,0
205081,"C/s screw ST3,9x16 ISR15",ADS / AWS 65,PACKET,0
205082,"C/s screw ST4,8x30 ISR25",ASE 54 PD,PACKET,0
205083,"C/s screw ST4,8x45 ISR25",ADS / AWS 65,PACKET,0
205172,"Cheese hd scrw ST3,9x19 ISR15",ASE 36,PACKET,0
205174,"C/s screw ST3,9x22 ISR15",ASE 54 PD,PACKET,0
205292,"Cheese hd scrw ST3,9x45 ISR15",ASE 70 PD.ME,PACKET,0
205381,"C/s screw ST4,8x55 ISR25",ASE 80 Lift & Slide + CW,PACKET,0
205390,"Cheese hd scrw ST4,8x38 ISR25",ASE 70 PD.ME,PACKET,0
205402,FIXING STUD M4 +,ASE 55 Lift & Slide,PACKET,0
205430,"C/s screw ST3,9x9,5 ISR15",ASE 70 PD.ME,PACKET,0
205431,"C/s screw ST3,9x25 ISR15",ADS / AWS 65,PACKET,0
205433,"C/S SCREW ST4,8X40 ISR25",ADS / AWS 65,PACKET,0
205436,"Cheese hd scrw ST3,9x9,5 ISR15",ASE 70 PD.ME,PACKET,0
205437,"Cheese hd scrw ST3,9x13 ISR15",ADS / AWS 65,PACKET,0
205440,"Cheese hd scrw ST4,8x28 ISR25",ASE 55 Lift & Slide,PACKET,0
205469,Chs hd c/s scrw M4x15 ISR20,ASE 36,PACKET,0
205478,C/s screw M4x6 ISR20,ASE 70 PD.ME,PACKET,0
205492,"Cheese hd scrw ST4,8x19 ISR25",ASE 54 PD,PACKET,0
205512,CYL.SCREW 3.9X13 BL,ASE 54 PD,PACKET,0
205639,"Cheese hd scrw ST4,8x60 ISR25",ASE 80 Lift & Slide + CW,PACKET,0
205666,"C/S SCREW ST3,9X45 ISR15",ADS / AWS 65,PACKET,0
205827,"Cheese hd scrw ST3,9x15 ISR15",ASE 80 Lift & Slide + CW,PACKET,0
205875,"C/s screw ST4,8x16 ISR25",AS FD 90 HI,PACKET,0
205876,C/s screw M5x20 ISR25,ASE 70 PD.ME,PACKET,0
205895,"Socket head bolt C ST5,5x23 ISR25",ASE 80 Lift & Slide + CW,PACKET,0
205930,"C/s screw C ST5,5x20 ISR25",ASE 70 PD.ME,PACKET,0
207047,BUFFER,ASE 55 Lift & Slide,NO,0
207981,Spindle,ADS / AWS 65,PACKET,0
211849,"SafeMatic 1-lf34,5",ADS / AWS 65,NO,0
212982,Latch striker 65,ADS 65 HINGED DOOR,PACKET,0
216294,CRNR PLT,ADS / AWS 65,PACKET,0
216386,CORNER CLEAT,ADS / AWS 65,PACKET,0
216387,CORNER CLEAT,ADS / AWS 65,PACKET,0
216415,CORNER CLEAT,ADS / AWS 65,PACKET,0
216418,Corner cleat,ADS / AWS 65,PACKET,0
216488,Corner cleat,ADS / AWS 65,PACKET,0
216489,CORNER CLEAT,ADS / AWS 65,PACKET,0
216593,T-cleats,ADS 65 HINGED DOOR,PACKET,0
218057,Glass suppt 10x100,ADS / AWS 65,PACKET,0
218156,Connector nail 5x10,ADS / AWS 65,PACKET,0
218157,"Connector nail 5x13,5",ADS / AWS 65,PACKET,0
218158,Connector nail 5x18,ADS / AWS 65,PACKET,0
218166,Jnt-seal pc,ADS 65 HINGED DOOR,PACKET,0
218168,Cover cap 10/15,ASE 54 PD,PACKET,0
218170,ST. STEEL PIN,ADS / AWS 65,PACKET,0
218171,St. steel pin,ADS / AWS 65,PACKET,0
218436,Spindle 9x115,ADS / AWS 65,PACKET,0
218779,Connector nail 5x9,AWS65,PACKET,0
218805,SPINDLE 10X160,ADS / AWS 65,PACKET,0
218893,PC ROSETTE OVAL C0,ADS / AWS 65,PACKET,0
218896,PC rosette Oval 9016,ADS 65 HINGED DOOR,PACKET,0
218897,PC ROSETTE OVAL S-ST,ADS / AWS 65,NO,0
219657,Bar 8mm,ASE 80 Lift & Slide + CW,BAR,0
220328,Drainage tunnel,ASE 80 Lift & Slide + CW,PACKET,0
220614,Rllr car.,ASE 54 PD,PACKET,0
220860,Shoot blt rod guide,AS FD 90 HI,PACKET,0
220986,Glazing bridge,AS FD 90 HI,PACKET,0
220991,Centre gasket,ASE 80 Lift & Slide + CW,NO,0
224063,Glazg rebate gaskt 4,"70PD & 90HI, 35PD CW - 7pcs",PACKET,0
224073,"PA insul. bar Sm 17,5",ADS / AWS 65,BAR,0
224079,"PA INSUL. BAR SM 27,5",AWS65,BAR,0
224083,"PA INSUL. BAR GR 27,5",ADS / AWS 65,BAR,0
224085,"PA INSUL. BAR SM 32,5",ADS / AWS 65,BAR,0
224087,"PA INSUL. BAR END 32,5",ADS / AWS 65,BAR,0
224089,"PA INSUL. BAR GR 32,5",ADS / AWS 65,BAR,0
224093,"PA INSUL. BAR SM 22,5",ASE 55 Lift & Slide,BAR,0
224135,Cover gasket 1.5,ADS / AWS 65,PACKET,0
224197,REBATE GASKET 1.7,ADS / AWS 65,PACKET,0
224310,REBATE GASKET 5,ADS / AWS 65,PACKET,0
224350,Glazing gskt 5,"70PD & 90HI, 35PD CW - 7pcs",PACKET,0
224378,GLAZING GSKT 7,ASE 55 Lift & Slide,PACKET,0
224497,"BRUSH SEAL CENTRE BAR 6,5",ASE 55 Lift & Slide,PACKET,0
224499,Roller shttr seal 1.5,ASE 55 Lift & Slide,PACKET,0
224541,"PA insul. bar Sm 17,5",ASE 54 PD,BAR,0
224683,Mullion gasket,ASE 36,PACKET,0
224690,Cover prof. 9005,ASE 70 PD.ME,PACKET,0
224739,"PA INSUL. BAR SM 17,5",ADS / AWS 65,BAR,0
225010,"C/s screw ST4,2x16 ISR20",ADS / AWS 65,PACKET,0
225015,C/s screw M4x25 ISR15,ASE 70 PD.ME,PACKET,0
225083,"Cheese hd scrw D ST5,5x19 ISR25",ASE 80 Lift & Slide + CW,PACKET,0
225089,"Cheese hd scrw ST3,9x13 ISR15",ASE 70 PD.ME,PACKET,0
225116,"Cheese hd scrw ST4,8x45 ISR25",ASE 70 PD.ME,PACKET,0
225129,C/S SCREW D ST4X1615,ADS / AWS 65,PACKET,0
225131,C/S SCREW D ST4X2815,ADS / AWS 65,PACKET,0
225135,"CHEESE HD SCRW C ST5,5X74 ISR25",ASE 55 Lift & Slide,PACKET,0
225137,"Cheese hd scrw C ST5,5x86 ISR25",ASE 54 PD,PACKET,0
225174,"Cheese hd scrw C ST5,5x70 ISR25",ASE 80 Lift & Slide + CW,PACKET,0
225198,Connect. screw M6x11 ISR20,ASE 36,PACKET,0
225268,"C/S SCREW ST3,9X30 ISR15",ASE 55 Lift & Slide,PACKET,0
225270,"C/s screw ST3,9x40 ISR15",ASE 54 PD,PACKET,0
225273,"Hexagon nut M4/18x5,5/8","70PD & 90HI, 35PD CW - 7pcs",PACKET,0
225299,Hammer hd bolt Pl-leg M4x54,"70PD & 90HI, 35PD CW - 7pcs",PACKET,0
225351,"Connect. screw ST5,5x18 ISR20",MTO for 54 PD stock,PACKET,0
225353,"CONNECT. SCREW ST5,5X10 ISR20",ASE 55 Lift & Slide,PACKET,0
225409,Crnr gskt kt LS A1 39/39,AS FD 90 HI,NO,0
225410,Crnr gskt kt LS B1 39/39,AS FD 90 HI,NO,0
225412,Crnr gskt kt C1 39/39,AS FD 90 HI,NO,0
225413,Crnr gskt kt RS B1 39/39,"70PD & 90HI, 35PD CW - 7pcs",NO,0
225448,"Crnr gskt kt A1-A2 39/50, 39/39",AS FD 90 HI,NO,0
225463,Insul-prf.,AS FD 90 HI,PACKET,0
225465,Seal,AS FD 90 HI,NO,0
225479,Crnr gskt kt RS B3-B4 39/39,"70PD & 90HI, 35PD CW - 7pcs",NO,0
225480,Crnr gskt kt LS B3-B4 39/39,"70PD & 90HI, 35PD CW - 7pcs",NO,0
225677,Drainage cover cap Bk,ASE 54 PD,PACKET,0
225685,"PA insul. bar Sm 37,5/28,4",AS FD 90 HI,BAR,0
225801,Rllr car. Both sides C35,AS FD 90 HI,NO,0
225807,Rllr car. 1-sided LS C35,"70PD & 90HI, 35PD CW - 7pcs",NO,0
225808,Rllr car. 1-sided RS C35,"70PD & 90HI, 35PD CW - 7pcs",,0
225890,Glzng reb. ins.,AS FD 90 HI,PACKET,0
225891,Glzng reb. ins.,"70PD & 90HI, 35PD CW - 7pcs",PACKET,0
225901,Rllr car. hge Both sides 9005,AS FD 90 HI,NO,0
225908,Rllr car. hge 1-sided 9005,"70PD & 90HI, 35PD CW - 7pcs",,0
225943,Shoot bolt lock 90,AS FD 90 HI,NO,0
225945,Ret. catch 90,AS FD 90 HI,PACKET,0
225960,Guide piece,AS FD 90 HI,PACKET,0
226081,T-cleats,"70PD & 90HI, 35PD CW - 7pcs",PACKET,0
226942,JOINT SEAL,ADS / AWS 65,PACKET,0
226943,CORNER SEAL,ADS / AWS 65,PACKET,0
226945,JOINT SEAL KIT 60,ADS / AWS 65,PACKET,0
226965,CORNER CLEAT,ADS / AWS 65,PACKET,0
226968,CORNER CLEAT,AWS65,PACKET,0
227018,Drainage cover cap,"70PD & 90HI, 35PD CW - 7pcs",PACKET,0
227147,End seal un. 2-lf LH,ADS 65 HINGED DOOR,NO,0
227149,End seal un. 1-lf,ADS 65 HINGED DOOR,NO,0
227168,COVER ASSEMBLY,ASE 55 Lift & Slide,NO,0
227652,PC rosette Oval 9005,ADS / AWS 65,PACKET,0
227812,Shoot bolt rod Shrtn M 10x3000,ADS / AWS 65,NO,0
227873,Spindle 10x150,AS FD 90 HI,PACKET,0
228376,Connector nail 3x8,AWS65,PACKET,0
228640,ANTI-LFT-OUT DV.,ASE 55 Lift & Slide,PACKET,0
232703,Cover cap 9005,AS FD 90 HI,NO,0
232715,Latch striker,AS FD 90 HI,PACKET,0
232717,Sh-bolt rod,AS FD 90 HI,NO,0
235066,T-CLEATS,ADS / AWS 65,PACKET,0
235068,T-CLEATS,ADS / AWS 65,PACKET,0
235070,T-CLEATS,ADS / AWS 65,PACKET,0
235072,T-CLEATS,ADS / AWS 65,PACKET,0
235138,T-CLEATS,ADS / AWS 65,PACKET,0
235148,HINGED T-CLEAT,AWS65,PACKET,0
235403,T-cleats,ASE 80 Lift & Slide + CW,PACKET,0
235405,Corner cleat,ASE 80 Lift & Slide + CW,PACKET,0
235412,CORNER CLEAT,ADS / AWS 65,PACKET,0
235682,Corner cleat,AS FD 90 HI,PACKET,0
235683,Corner cleat,AS FD 90 HI,PACKET,0
235694,Corner cleat,ASE 80 Lift & Slide + CW,PACKET,0
235903,Corner cleat,ASE 80 Lift & Slide + CW,PACKET,0
236044,Corner cleat,AWS65,PACKET,0
236189,Corner cleat,ADS / AWS 65,PACKET,0
236190,Corner cleat,ADS 65 HINGED DOOR,PACKET,0
236199,CORNER CLEAT,ADS / AWS 65,PACKET,0
236217,CORNER CLEAT,ADS / AWS 65,PACKET,0
236249,T-cleats,ADS 65 HINGED DOOR,PACKET,0
236414,T-cleats,ADS 65 HINGED DOOR,PACKET,0
236480,CORNER CHEVRON,ASE 55 Lift & Slide,PACKET,0
236526,CORNER CLEAT,ADS / AWS 65,PACKET,0
236528,CORNER CLEAT,ADS / AWS 65,PACKET,0
236535,CORNER CLEAT,ADS / AWS 65,PACKET,0
236541,CORNER CLEAT,ADS / AWS 65,PACKET,0
236553,CORNER SEAL,ADS / AWS 65,PACKET,0
236555,CORNER CLEAT,ADS / AWS 65,PACKET,0
236965,Punching screw M5x26 ISR20,AWS65,PACKET,0
238144,Cover cap,ASE 54 PD,PACKET,0
238440,END SEAL UN. 1-LF,ADS / AWS 65,NO,0
238441,END SEAL UN. 2-LF LH,ADS / AWS 65,NO,0
238489,Buffer Stop,ASE 36,PACKET,0
238490,BUFFER STOP,ASE 55 Lift & Slide,PACKET,0
238824,Cover assembly 9005,ASE 80 Lift & Slide + CW,PACKET,0
239298,Latch striker 75,ADS / AWS 65,PACKET,0
239422,Shoot blt rod guide OF,ADS / AWS 65,PACKET,0
239584,BARREL HINGE R01 C0,ADS / AWS 65,NO,0
239585,BRRL HNG R01 RAL9005,ADS / AWS 65,NO,0
239588,BRRL HNG R01 SS,ADS / AWS 65,NO,0
239590,BARREL HINGE R51 C0,ADS / AWS 65,NO,0
239591,Brrl hng R51 RAL9005,ADS / AWS 65,NO,0
239593,Barrel hge 3-pt 9016,ADS 65 HINGED DOOR,NO,0
239594,BRRL HNG R51 SS,ADS / AWS 65,NO,0
239608,FIXING PLATE,ADS / AWS 65,PACKET,0
239612,Fixing plate,ADS / AWS 65,PACKET,0
239613,CLMP ANCH. M6 L32,ADS / AWS 65,PACKET,0
239615,Clmp anch. M6 L51,ADS / AWS 65,PACKET,0
239823,Shoot blt rod guide VF,ADS / AWS 65,PACKET,0
239991,Strike plate Kit LS,AS FD 90 HI,NO,0
240152,DOOR HNDLE STRGHT C0,ADS / AWS 65,PACKET,0
240153,Door hndle Strght 9005,ADS / AWS 65,PACKET,0
240154,Door hndle Strght 9010,MTO for 54 PD stock,NO,0
240155,Door hndle Strght 9016,ADS 65 HINGED DOOR,PACKET,0
240173,Door hndle Strght 9005,ADS / AWS 65,NO,0
240386,CONC-HG 100,ADS / AWS 65,PACKET,0
240454,ANCHOR LOCK OF L40,ADS / AWS 65,PACKET,0
240458,Tns-sprg,ASE 80 Lift & Slide + CW,NO,0
240613,Linkage guide S-st 40,ADS / AWS 65,NO,0
240655,Shoot blt rod guide OF,ADS / AWS 65,PACKET,0
240716,Rebate sht bolt 38,ADS / AWS 65,NO,0
240730,Door hndle L45 9005,AS FD 90 HI,NO,0
240776,HNDLE LS C0,ASE 70 PD.ME,NO,0
240779,HNDLE RS C0,ASE 70 PD.ME,NO,0
240783,HNDLE C0,ASE 70 PD.ME,NO,0
240784,Hndle C35,"70PD & 90HI, 35PD CW - 7pcs",,0
240786,Central locking RS,ASE 70 PD.ME,NO,0
240787,Central locking LS,ASE 70 PD.ME,NO,0
240790,Hndle LS C0,ASE 70 (POCKET SLIDING),NO,0
240791,Hndle LS C35,"70PD & 90HI, 35PD CW - 7pcs",,0
240793,Hndle RS C0,ASE 70 (POCKET SLIDING),NO,0
240794,Hndle RS C35,"70PD & 90HI, 35PD CW - 7pcs",,0
240802,Lock 3-pt,ASE 70 PD.ME,NO,0
240865,Lock strip,ADS 65 HINGED DOOR,NO,0
240866,Strike plate Kit,ADS / AWS 65,NO,0
240898,HANDLE LONG SX C0,ASE 70 PD.ME,NO,0
240903,HANDLE LONG DX C0,ASE 70 PD.ME,NO,0
240904,Handle short sx C0,ASE 70 (POCKET SLIDING),NO,0
240905,Handle short dx C0,ASE 70 (POCKET SLIDING),NO,0
240908,Handle short sx C35,"70PD & 90HI, 35PD CW - 7pcs",,0
240909,Handle short dx C35,"70PD & 90HI, 35PD CW - 7pcs",,0
241003,"SAFEMATIC H >2500 1-LF34,5",ADS / AWS 65,NO,0
241260,Roller ltch lck 1-lf35,AWS65,NO,0
241280,"SafeMatic bf 1-lf34,5",ADS 65 HINGED DOOR,NO,0
241282,"SafeMatic bf 1-lf PF-E34,5",ADS / AWS 65,NO,0
241463,Latch bolt monitoring SafeM,AWS65,NO,0
241828,LATCH SIMPLE,ASE 70 PD.ME,PACKET,0
241849,Latch Double,"70PD & 90HI, 35PD CW - 7pcs",,0
242028,Seal,ASE 80 Lift & Slide + CW,PACKET,0
242498,JNT-SEAL PC 65,ADS / AWS 65,PACKET,0
242500,JNT-SEAL PC 65,ADS / AWS 65,PACKET,0
242502,JNT-SEAL PC 65,ADS / AWS 65,PACKET,0
242662,CVR PT LH 9005,ADS / AWS 65,PACKET,0
242693,REB. MK-UP PCE 9005,ADS / AWS 65,PACKET,0
242885,Door pce LH 9005,ADS / AWS 65,PACKET,0
244058,"Gasket cord 2,5",ADS / AWS 65,PACKET,0
244137,"PA INSUL. BAR SM 22,5",ASE 55 Lift & Slide,BAR,0
244173,Glazg rebate gaskt 3,"70PD & 90HI, 35PD CW - 7pcs",PACKET,0
244178,Glazg rebate gaskt 7,ASE 80 Lift & Slide + CW,PACKET,0
244182,GLAZG REBATE GASKT 4 (224063),ADS / AWS 65,PACKET,0
244199,GLAZING GSKT 5-6 (224350),ASE 70 PD.ME,PACKET,0
244202,Glazing gskt 7-8,ASE 54 PD,PACKET,0
244210,Rebate gasket,ADS / AWS 65,PACKET,0
244293,Glazg rebate gaskt 9,"70PD & 90HI, 35PD CW - 7pcs",PACKET,0
244379,"PA INSUL. BAR END 27,5",AWS65,BAR,0
244381,"PA INSUL. BAR SM 37,5",ADS / AWS 65,BAR,0
244383,"PA insul. bar Sm 37,5/10,4",AS FD 90 HI,BAR,0
244387,"PA insul. bar Sm 37,5/28,4",AS FD 90 HI,BAR,0
244416,Glazg rebate gaskt 4,AS FD 90 HI,PACKET,0
244511,Gasket cord 2.5mm,ASE 36,PACKET,0
244512,"Gasket cord 4,5",ADS / AWS 65,PACKET,0
244654,"ATTACH. PROFILE 39,5 9005",ADS / AWS 65,PACKET,0
244669,CENTRE GASKET,ASE 55 Lift & Slide,PACKET,0
244670,Brush seal Centre bar 8,ASE 80 Lift & Slide + CW,PACKET,0
244775,Cover gasket,ASE 36,PACKET,0
244804,Cover prof. 9005,"70PD & 90HI, 35PD CW - 7pcs",PACKET,0
244806,BRUSH SEAL,ASE 55 Lift & Slide,PACKET,0
244829,Rebate gasket,ASE 80 Lift & Slide + CW,PACKET,0
244831,Seal kit,ASE 80 Lift & Slide + CW,PACKET,0
245059,"PA insul. bar Sm 19,5",ASE 80 Lift & Slide + CW,BAR,0
245539,PA insul. bar Sm 50,AS FD 90 HI,BAR,0
245557,M/stile pr. Bk,"70PD & 90HI, 35PD CW - 7pcs",BAR,0
245581,"PA insul. bar Sm 37,5/28,4","70PD & 90HI, 35PD CW - 7pcs",BAR,0
245592,Plastic profile Bk,AS FD 90 HI,BAR,0
245599,Plastic profile Bk,"70PD & 90HI, 35PD CW - 7pcs",BAR,0
245611,Interlock prof. DesLine,ASE 80 Lift & Slide + CW,BAR,0
245647,"PA insul. bar Gr 17,5",ASE 80 Lift & Slide + CW,BAR,0
245660,Spacer prof. Bk,AS FD 90 HI,BAR,0
245665,"PA insul. bar Sm 42,5/18,7",AS FD 90 HI,BAR,0
245686,Cover prof. Bk,AS FD 90 HI,BAR,0
245687,"PA insul. bar Sm 37,5/10,4","70PD & 90HI, 35PD CW - 7pcs",BAR,0
245701,Centre gasket Bk,AS FD 90 HI,PACKET,0
245702,"Spacer gasket 4 24,6 5,5 Bk",AS FD 90 HI,PACKET,0
245703,Rebate gasket Bk,AS FD 90 HI,PACKET,0
245731,PA insul. bar Gr 50,AS FD 90 HI,BAR,0
245732,Brush seal 15,AS FD 90 HI,NO,0
245767,M/stile pr. Bk,AS FD 90 HI,BAR,0
245791,Rebate gasket BF 22,"70PD & 90HI, 35PD CW - 7pcs",PACKET,0
245830,Rebate gasket,ASE 80 Lift & Slide + CW,PACKET,0
245887,Cover prof. Bk,AS FD 90 HI,BAR,0
245888,Rebate gasket Bk,AS FD 90 HI,PACKET,0
245890,Rebate gasket Bk,AS FD 90 HI,PACKET,0
245891,Centre gasket Bk,AS FD 90 HI,PACKET,0
246052,CENTRE GASKET,ADS / AWS 65,PACKET,0
246145,PA insul. bar Sm 20,ASE 70 PD.ME,BAR,0
246472,Glazg rebate gaskt 13,ASE 80 Lift & Slide + CW,PACKET,0
246474,CENTRE GASKET,ADS / AWS 65,PACKET,0
246486,Glazg rebate gaskt 5,ASE 80 Lift & Slide + CW,PACKET,0
246696,Gasket corner 9/3,"70PD & 90HI, 35PD CW - 7pcs",PACKET,0
247001,PUSH W-HDLE C0 IW,ADS / AWS 65,NO,0
247002,PUSH W-HDLE 9005 IW,ADS / AWS 65,NO,0
247004,PUSH W-HDLE 9016 IW,AWS65,NO,0
247006,PUSH W-HDLE S-S LK IW,ADS / AWS 65,NO,0
247083,HANDLE RSTTE BASIS IW,ADS / AWS 65,NO,0
248807,TURN HNG S C0 OW,ADS / AWS 65,NO,0
248808,TURN HNG S 9005 OW,ADS / AWS 65,NO,0
248858,ENGAG. BLCK S 160KG OW,ADS / AWS 65,PACKET,0
248890,LOCK. ROLLER ADJUSTAB. S OW,ADS / AWS 65,PACKET,0
248891,KEEP S OW,ADS / AWS 65,PACKET,0
248979,ENGAG. BLCK RC2 OW,ADS / AWS 65,PACKET,0
254518,DOOR STOP,MTO for 54 PD stock,PACKET,0
254519,"DOOR STOP,BLACK",ASE 36,PACKET,0
258355,Knob C0,ASE 54 PD,NO,0
265266,Glass suppt,ASE 80 Lift & Slide + CW,PACKET,0
265292,Jnt-seal pc 80,ASE 80 Lift & Slide + CW,PACKET,0
265365,Glass suppt Reinf 100x65x6,ASE 80 Lift & Slide + CW,PACKET,0
265562,Cover cap 9005,ASE 80 Lift & Slide + CW,PACKET,0
265564,Cover cap 9005,ASE 80 Lift & Slide + CW,PACKET,0
265599,Mix nzzle 288180,ASE 70 PD.ME,PACKET,0
265681,Seal kit VF,ASE 80 Lift & Slide + CW,NO,0
266405,JNT-SEAL PC 65,ADS / AWS 65,PACKET,0
266561,Isolator 49,ASE 80 Lift & Slide + CW,BAR,0
266806,Adhesve guide,AWS65,PACKET,0
267446,Defl. blk,ASE 80 Lift & Slide + CW,PACKET,0
267990,Seal,ASE 70 PD.ME,PACKET,0
268221,Adhesve guide,ASE 54 PD,PACKET,0
268611,Glss carr. 60,ASE 80 Lift & Slide + CW,PACKET,0
268728,Defl. blk,"70PD & 90HI, 35PD CW - 7pcs",PACKET,0
268740,Cruc. gls carr. 28-32,"70PD & 90HI, 35PD CW - 7pcs",PACKET,0
269040,WINDOW HNDLE C0 OW,ADS / AWS 65,NO,0
269042,WINDOW HNDLE 9005 OW,ADS / AWS 65,NO,0
269049,WINDOW HNDLE S-S LK OW,ADS / AWS 65,NO,0
269191,Handle 9005,AS FD 90 HI,NO,0
269260,Gearbox,AS FD 90 HI,NO,0
269274,Adjustment dev.,AS FD 90 HI,PACKET,0
269368,Pull hdle 9005,AS FD 90 HI,NO,0
269411,Lift/slide hndle No P C0,ASE 80 Lift & Slide + CW,NO,0
269414,Lift/slide hndle No P C0,ASE 80 Lift & Slide + CW,NO,0
269790,Glazing block plastic 100x32x5,ASE 54 PD,PACKET,0
269939,FIXED VENT GASKET - SG-01,ASE 54 PD,PACKET,0
269941,CLOSED CELL FOAM SG-02,ASE 54 PD,NO,0
269946,CLOSED CELL FOAM - SG-03,ASE 54 PD,NO,0
269947,CLOSED CELL FOAM - SG-04,ASE 54 PD,PACKET,0
269948,INTERLOCK GASKET - NSG-01 - 9655302,ASE 54 PD,PACKET,0
270895,Ret. catch 9005,AS FD 90 HI,NO,0
275062,CORNER DRIVE S 130KG OW,ADS / AWS 65,PACKET,0
275068,CAVITY GEARBOX 43 DBT S LS/RS OW,ADS / AWS 65,NO,0
275110,SAFETY CATCH AWS OPEN OUT RH,ADS / AWS 65,NO,0
275111,SAFETY CATCH AWS OPEN OUT LH,ADS / AWS 65,NO,0
275116,ENGAGEMENT CATCH AWS OW/114,ADS / AWS 65,NO,0
275122,Limiting stay crack,AWS65,NO,0
275271,Gearbox 1-part,ASE 80 Lift & Slide + CW,NO,0
276199,Suspn. arm S Sz1 OW,AWS65,PACKET,0
276201,SUSPN. ARM S SZ2 OW,ADS / AWS 65,PACKET,0
276203,SUSPN. ARM S SZ3 OW,ADS / AWS 65,PACKET,0
276205,EXTRA LOCKING PT S OW,ADS / AWS 65,PACKET,0
276231,COUPLING SUSPSN ARM OW,ADS / AWS 65,PACKET,0
276692,LOAD SUPPORT T S 130KG OW,ADS / AWS 65,PACKET,0
276719,STAY PT S 130KG SIDE OW,ADS / AWS 65,PAIR,0
276735,RLLR CAR.,ASE 55 Lift & Slide,PACKET,0
276793,C/s screw M5x25 ISR25,AS FD 90 HI,PACKET,0
276797,DOOR STOP SLVR,ASE 70 PD.ME,PACKET,0
276870,Rllr car. 350kg,ASE 80 Lift & Slide + CW,NO,0
276871,Accessory Rllr carr. hge,ASE 80 Lift & Slide + CW,NO,0
276879,Keep,ASE 70 PD.ME,PACKET,0
276912,LIMITING STAY ENERGY-ABS. SZ1 C0 OW,ADS / AWS 65,NO,0
277003,COMPLETE FITTING TT 400 S 130KG LH IW,ADS / AWS 65,NO,0
277004,COMPLETE FITTING TT 400 S 130KG RH IW,ADS / AWS 65,NO,0
277048,LOCK. ROLLER ADJUSTAB. S 160KG IW,ADS / AWS 65,PACKET,0
277071,ENGAG. BLCK SH D-V1 S 130KG IW,AWS65,PACKET,0
277081,LOAD SUPPORT S 200KG IW,AWS65,PACKET,0
277098,Keep Basis S 200kg IW,AWS65,PACKET,0
277180,CAVITY GEARBOX 23 SYM S LS/RS IW,ADS / AWS 65,NO,0
277255,REBATE 90° LH IW,ADS / AWS 65,NO,0
277256,REBATE 90° RH IW,ADS / AWS 65,NO,0
277282,LOCKING BR COUP. S 200KG IW,ADS / AWS 65,NO,0
277308,M/stile pr. Bk,AS FD 90 HI,BAR,0
277377,Stay T S 160kg IW,AWS65,PACKET,0
277460,SPRUNG UNIT SZ1 RH IW,ADS / AWS 65,NO,0
277461,SPRUNG UNIT SZ1 LH IW,ADS / AWS 65,NO,0
277480,CORD EJECTOR SZ1 RH IW,ADS / AWS 65,NO,0
277481,CORD EJECTOR SZ1 LH IW,ADS / AWS 65,NO,0
277494,CORD CONNECTN VF AWS RH IW,ADS / AWS 65,NO,0
277495,CORD CONNECTN VF AWS LH IW,ADS / AWS 65,NO,0
277538,HEIGHT ADJUSTM. IW,AWS65,NO,0
277562,TURN HNG S 90KG 9016 IW,AWS65,NO,0
277870,LOCKING BAR,ADS / AWS 65,BAR,0
277904,"C/S SCREW D ST3,9X24 ISR15 ST",ADS / AWS 65,PACKET,0
277906,LOCKING BR FIXING RC2-3 IW,ADS / AWS 65,PACKET,0
277917,KEEP COMFORT S 160KG IW,ADS / AWS 65,PACKET,0
278034,Spacer gasket,ASE 80 Lift & Slide + CW,PACKET,0
278143,"PA insul. bar Sm 37,5","70PD & 90HI, 35PD CW - 7pcs",BAR,0
278168,Cover prof.,ASE 80 Lift & Slide + CW,BAR,0
278419,Slider prof.,ASE 80 Lift & Slide + CW,BAR,0
278559,PA insul. bar Sm 45,ASE 80 Lift & Slide + CW,BAR,0
278575,CENTRE GASKT CORNER,ADS / AWS 65,PACKET,0
278602,Insul-prf.,ASE 80 Lift & Slide + CW,PACKET,0
278679,"PA insul. bar Sm 46,5",ASE 80 Lift & Slide + CW,BAR,0
278681,PA insul. bar 53,ASE 80 Lift & Slide + CW,BAR,0
279215,Double cylindr 55/55 30°,AS FD 90 HI,NO,0
279290,Double cylindr 50/30 30°,ADS / AWS 65,NO,0
279639,Door hndle Strght S-st,AWS65,NO,0
279714,Turn hng 9005,AS FD 90 HI,NO,0
279777,Claw/pin lk 1-lf k-o34,AS FD 90 HI,NO,0
281214,Handle damp.,ASE 80 Lift & Slide + CW,NO,0
281295,Seal. plte,ASE 80 Lift & Slide + CW,PACKET,0
281296,Jnt-seal pc,ASE 80 Lift & Slide + CW,PACKET,0
281632,Keep,ASE 80 Lift & Slide + CW,PACKET,0
281679,Drainage cowl,ASE 70 PD.ME,PACKET,0
281687,Cover plate D-vnt,ASE 80 Lift & Slide + CW,NO,0
281697,Pr. ret. clp,ASE 80 Lift & Slide + CW,PACKET,0
281849,Jnt seal tape 25x25,AS FD 90 HI,PACKET,0
284013,"PA insul. bar Sm 42,5",AS FD 90 HI,BAR,0
284017,"PA insul. bar Sm 42,5/18,7",AS FD 90 HI,BAR,0
284071,"PA insul. bar Sm 12,5",ASE 70 PD.ME,BAR,0
284077,PA INSUL. BAR SM 25,ASE 55 Lift & Slide,BAR,0
284079,PA insul. bar Sm 25,ASE 54 PD,BAR,0
284085,PA INSUL. BAR SM 25,ASE 55 Lift & Slide,BAR,0
284129,PA insul. bar Sm 30,ADS / AWS 65,BAR,0
284163,PA insul. bar Sm 40,ASE 80 Lift & Slide + CW,BAR,0
284217,"PA INSUL. BAR GR 32,5",ADS / AWS 65,BAR,0
284262,Cover gasket,ASE 36,PACKET,0
284321,Glazg rebate gaskt 6,ASE 80 Lift & Slide + CW,PACKET,0
284439,"PA insul. bar Sm 37,5",AS FD 90 HI,BAR,0
284652,Centre gasket,"70PD & 90HI, 35PD CW - 7pcs",PACKET,0
284763,"PA insul. bar Sm 42,5",AS FD 90 HI,BAR,0
284819,End stop,ASE 70 PD.ME,PACKET,0
284826,Glazing gskt 7-8,ADS / AWS 65,PACKET,0
284837,Glazing gskt 9-10,ASE 80 Lift & Slide + CW,PACKET,0
288085,Glass suppt plastic 44x4,ADS 65 HINGED DOOR,PACKET,0
288163,Glass suppt,"70PD & 90HI, 35PD CW - 7pcs",PACKET,0
288166,GLASS SUPPT,ADS / AWS 65,PACKET,0
288167,GLASS SUPPT 40X100X9,ADS / AWS 65,PACKET,0
288180,Special adhesive Silicne,ASE 70 PD.ME,PACKET,0
288181,Surf. activ. Silicne,ASE 70 PD.ME,NO,0
288190,Special adhesive PUR,ASE 54 PD,PACKET,0
288191,Surf. activ. PUR,ASE 54 PD,NO,0
288320,DRAINAGE COWL,ASE 54 PD,PACKET,0
288346,DIVERSE F&A (adaptor 288346),MTO for 54 PD stock,PAIR,0
288614,Seal,"70PD & 90HI, 35PD CW - 7pcs",PACKET,0
288775,Glazing block plastic 56x4,ASE 80 Lift & Slide + CW,PACKET,0
288869,Glazing block plastic 32x2,"70PD & 90HI, 35PD CW - 7pcs",PACKET,0
291009,Roller 35,ASE 70 PD.ME,PACKET,0
295194,End cap bottom/Top - SA-10 & SA-11,ASE 54 PD,PAIR,0
295195,BOTTOM DRAINAGE PROFILE END CAP - 9642598,ASE 54 PD,PACKET,0
295854,Vent end cap (operable vent) - SA-04A,ASE 54 PD,PACKET,0
295855,Vent end cap( Fixed vent) - SA-04B,ASE 54 PD,PACKET,0
295856,CENTER SEAL - SA-05 & SA-06,ASE 54 PD,PACKET,0
295869,Top center spacer - SA-07,ASE 54 PD,PACKET,0
295873,BRUSH GASKET,ASE 54 PD,PACKET,0
295901,PLASTIC ADAPTOR - SA-01,ASE 54 PD,BAR,0
295902,PA-Profile Coupling Profile - SA-02,ASE 54 PD,BAR,0
295903,PA-PROFILE - SA-03,ASE 54 PD,BAR,0
296756,PNEUM.SPRAY GUN,ASE 54 PD,NO,0
298195,"Foam strip 12x1,6",AS FD 90 HI,PACKET,0
298354,Metal adhesive 2-comp. PUR Beige,ADS / AWS 65,PACKET,0
298444,Mix nzzle,ADS / AWS 65,PACKET,0
298883,Glazing block plastic 100x35x3,ASE 54 PD,PACKET,0
298892,Glazing block plastic 100x35x5,ASE 70 PD.ME,PACKET,0
298900,Seal. cmpd Schüco Flex 2 Bk,ADS / AWS 65,NO,0
300001,DIVERSE F&A,ASE 54 PD sliding doors,,0
302590,Outer shell 98,ADS / AWS 65,BAR,0
306300,"GLZNG BEAD BS 15-7, ALUMINIUM",ASE 55 Lift & Slide,BAR,0
308380,"Corner cleat prof. 13,7",ASE 36 (BALANCE),BAR,0
308820,"CORNER CLEAT PROF. 20,3",ASE 55 Lift & Slide,BAR,0
313230,Glzng bead 15-37,AS FD 90 HI,BAR,0
313570,"T-cleat profile 16,7",AWS65,BAR,0
313900,Extension prof. 8,ADS 65 HINGED DOOR,BAR,0
313950,ATTACHMENT PROFI.10,ADS / AWS 65,BAR,0
322290,MULLION 125,ASE 80 Lift & Slide + CW,BAR,0
322430,Transm 130,ASE 80 Lift & Slide + CW,BAR,0
335140,Cover,ASE 36,BAR,0
345060,Outer shell 69,ADS 65 HINGED DOOR,BAR,0
345110,TRANS/MULLION 34/84 (363990)  ( I ),ADS / AWS 65,BAR,0
345120,OUTER FRAME 44/69 (363930)  ( I ),ADS / AWS 65,BAR,0
345130,SIDE SECTION 81/106 (364870)  ( I ),ADS / AWS 65,BAR,0
345220,TRANS/MULLION 34/84 (363990)  ( O ),ADS / AWS 65,BAR,0
345230,Outer shell 94,ADS / AWS 65,BAR,0
345280,INNER PROFILE  (363890)  ( I ),ADS / AWS 65,BAR,0
345330,VENT PROFILE A 56  (364650)  ( O ),AWS65,BAR,0
346270,VENT PROFILE A 56  (364650)  ( I ),ADS / AWS 65,BAR,0
346330,SIDE SECTION 81/106 (364870)  ( O ),ADS / AWS 65,BAR,0
347120,OUTER PROFILE 52 (363890)  ( O ),ADS / AWS 65,BAR,0
347280,OUTER FRAME 44/69 (363930)  ( O ),ADS / AWS 65,BAR,0
347290,INNER PROFILE 56 (364660),AWS65,BAR,0
359690,CORNER CLEATPROFIL,ASE 54 PD,BAR,0
391420,INSRT OUTER FR.53/24 (319740)  ( I ),ADS / AWS 65,BAR,0
391440,INNER PROFILE 69 (319760)  ( I ),ADS / AWS 65,BAR,0
391450,INSRT OUTER FR.53/24 (319740)  ( O ),ADS / AWS 65,BAR,0
391470,OUTER PROFILE 40 (319760)  (O),ADS / AWS 65,BAR,0
391490,VENT PROFILE OW35/86 (319860)  ( I ),ADS / AWS 65,BAR,0
391510,VENT PROFILE OW35/86 (319860)  ( O ),ADS / AWS 65,BAR,0
391520,VENT PROFILE OW35/86 (319870)  ( I ),ADS / AWS 65,BAR,0
391760,REV. REB. PROF. 54 (319910)  ( I ),ADS / AWS 65,BAR,0
391770,REV. REB. PROF. 54 (319910)  ( O ),ADS / AWS 65,BAR,0
391780,INNER PROFILE 26 (319920)  ( I ),ADS / AWS 65,BAR,0
391790,OUTER PROFILE 61 (319920)  ( O ),ADS / AWS 65,BAR,0
397200,Outer shell 125,ADS 65 HINGED DOOR,BAR,0
397850,Inner shell 73,ADS / AWS 65,BAR,0
397880,INNER PROFILE 48 (395400)  ( I ),ADS / AWS 65,BAR,0
397890,Inner shell 48,ADS / AWS 65,BAR,0
398010,OUTER FRAME 44/69 (362080)  ( I ),ADS / AWS 65,BAR,0
398020,OUTER FRAME 44/69 (362080)  ( O ),ADS / AWS 65,BAR,0
398030,Inner shell 44,ADS 65 HINGED DOOR,BAR,0
398040,Inner shell 44,ADS 65 HINGED DOOR,BAR,0
398050,Inner shell 69,ADS / AWS 65,BAR,0
398060,Outer shell 44,ADS / AWS 65,BAR,0
398200,RVRS. REBATE PRO. 50 (362140)  ( I ),ADS / AWS 65,BAR,0
398210,RVRS. REBATE PRO. 50 (362140)  ( O ),ADS / AWS 65,BAR,0
398970,Inner shell 100,ADS 65 HINGED DOOR,BAR,0
446410,INNER PROFILE  (9644200) ( I ),ADS / AWS 65,BAR,0
446510,OUTER PROFILE  (9644200) ( O ),ADS / AWS 65,BAR,0
460680,Threshld 1-tr,ASE 80 Lift & Slide + CW,BAR,0
460770,"Outer shell 43/9,8",ASE 80 Lift & Slide + CW,BAR,0
460780,"Centre shell 43/26,2",ASE 80 Lift & Slide + CW,BAR,0
467860,"T-cleat profile 8,2",AWS65,BAR,0
467910,"Corner cleat prof. 30,3",AWS65,BAR,0
467920,"Corner cleat prof. 26,5",AWS65,BAR,0
477600,Pressure plte P-p,ASE 80 Lift & Slide + CW,BAR,0
477780,Mullion 125,"70PD & 90HI, 35PD CW - 7pcs",BAR,0
477830,Transm 130,"70PD & 90HI, 35PD CW - 7pcs",BAR,0
484390,Pressure plte Pre-ass.,"70PD & 90HI, 35PD CW - 7pcs",BAR,0
484560,Cover cap 17,"70PD & 90HI, 35PD CW - 7pcs",BAR,0
485990,"Extra prof. 54,4",ASE 80 Lift & Slide + CW,BAR,0
493730,Cover cap 20,ASE 80 Lift & Slide + CW,BAR,0
503030,Outer shell 92,ASE 80 Lift & Slide + CW,BAR,0
503040,Inner shell 70,ASE 80 Lift & Slide + CW,BAR,0
525440,Inner shell 32,"70PD & 90HI, 35PD CW - 7pcs",BAR,0
525460,Inner shell 46,AS FD 90 HI,BAR,0
538260,Clips Profile,ASE 54 PD,BAR,0
542000,Cover prof. OF,ASE 80 Lift & Slide + CW,BAR,0
542020,Outer shell 7,"70PD & 90HI, 35PD CW - 7pcs",BAR,0
542100,Inner shell 26,AS FD 90 HI,BAR,0
542110,Outer shell 41,AS FD 90 HI,BAR,0
542120,Outer shell 48,"70PD & 90HI, 35PD CW - 7pcs",BAR,0
542370,Outer shell 66,AS FD 90 HI,BAR,0
542380,Outer shell 73,"70PD & 90HI, 35PD CW - 7pcs",BAR,0
542770,Inner shell 51,AS FD 90 HI,BAR,0
542910,Inner shell 48,ASE 80 Lift & Slide + CW,BAR,0
542920,Centre shell 46,ASE 80 Lift & Slide + CW,BAR,0
542950,Cover prof.,ASE 80 Lift & Slide + CW,BAR,0
542980,Outer shell 71,AS FD 90 HI,BAR,0
550570,Locking Bar - 9643198,ASE 54 PD,BAR,0
555930,Inner shell 47,AS FD 90 HI,BAR,0
555940,Outer shell 83,AS FD 90 HI,BAR,0
555990,Inner shell 11,AS FD 90 HI,BAR,0
576000,Outer shell 7,AS FD 90 HI,BAR,0
576010,Inner shell 32,AS FD 90 HI,BAR,0
576030,Outer shell 7,AS FD 90 HI,BAR,0
576040,Inner shell 46,AS FD 90 HI,BAR,0
576050,Outer shell 71,AS FD 90 HI,BAR,0
576090,Inner shell 39,AS FD 90 HI,BAR,0
576110,Outer shell 39,AS FD 90 HI,BAR,0
584000,"Insert prof. 12,5","70PD & 90HI, 35PD CW - 7pcs",BAR,0
585000,Inner/outer shell,ASE 54 PD,BAR,0
585010,"Centre shell 17,1/20,7-45",ASE 54 PD,BAR,0
585020,ROLLER PROFILE - SP-03,ASE 54 PD,BAR,0
585030,"Inner/outer shell 10,6/14,5",ASE 54 PD,BAR,0
585040,Vent frame jamb RP-06 - SP-05 (557450),ASE 54 PD,BAR,0
585050,Vent jamb support profile - SP-06,ASE 54 PD,BAR,0
585060,Cov. prof. OF bottom - SP-07,ASE 54 PD,BAR,0
585070,Cover prof. outer fr - SP-08,ASE 54 PD,BAR,0
585080,Interlock vent - SP-09,ASE 54 PD,BAR,0
585100,CORNER CLEAT PROFILE - SP-11,ASE 54 PD,BAR,0
585110,ADAPTOR PROFILE - SP-12,ASE 54 PD,BAR,0
585120,OUTER FRAME FINISH FLOOR COVER - SP-13,ASE 54 PD,BAR,0
585130,Track carriage profile_Invisible threshold - SP-14,ASE 54 PD,BAR,0
585140,"Outer frame, Triple Track RP-31 - SP-15 (557500) 600P",ASE 54 PD,BAR,0
585150,Locking Bar - SP-16,ASE 54 PD,BAR,0
585160,"M/stile pr. Narr 23,5/50-25",ASE 54 PD sliding doors,BAR,0
585170,"M/stile pr. Narr 51,4/74,9",ASE 54 PD sliding doors,BAR,0
585180,Inner/outer shell,ASE 54 PD sliding doors,BAR,0
585190,"M/stile pr. 11,5/24,2",ASE 54 PD sliding doors,BAR,0
585200,"Vent frame 1-pt 23/23,7",ASE 54 PD sliding doors,BAR,0
585210,"Outer frame, Triple Track RP-31 - SP-22 (557500) 600P",ASE 54 PD,BAR,0
585230,GUTTER PROFILE - SP-24,ASE 54 PD,BAR,0
585240,Interlock - SP-25,ASE 54 PD,BAR,0
585310,COVER PROFILE - 9645370,ASE 54 PD,BAR,0
585340,Fixing Profile - 9642422,ASE 54 PD,BAR,0
585350,LOCKING KEEP - 9656656,ASE 54 PD,BAR,0
585360,CORNER CLEAT PROFILE - 9061608,ASE 54 PD,BAR,0
660167,End cap Interlk,MTO for 54 PD stock,PACKET,0
660168,End cap Interlk,MTO for 54 PD stock,PACKET,0
661443,Window hndle 9010 OW,MTO for 54 PD stock,NO,0
9626192,"Outer frame, top (9626842 - Triple Track)",ASE 70 PD.ME,BAR,0
9626193,OUTER FRAME TOP (9626842)  ( M ),ASE 70 PD.ME,BAR,0
9626195,Outer frame vert. (9626843 - Triple Track),ASE 70 PD.ME,BAR,0
9626196,OUTER FRAME VERTICAL (9626843)  ( M ),ASE 70 PD.ME,BAR,0
9626201,vent frame inner pr.,ASE 70 PD.ME,BAR,0
9626213,"OUTER FRAME COVER, TOP, SIDE, ALUMINIUM",ASE 70 PD.ME,BAR,0
9626214,additional profile,"70PD & 90HI, 35PD CW - 7pcs",BAR,0
9626617,DICHSET SEAL KIT,ASE 70 PD.ME,PACKET,0
9633805,"CONTINUOUS PIVOT PROFILE, VERTICAL , ALUMINIUM",ASE 70 PD.ME,BAR,0
9633806,"CONTINUOUS PIVOT PROFILE, VERTICAL , ALUMINIUM",ASE 70 PD.ME,BAR,0
9633807,COVER GASKET,ASE 70 PD.ME,PACKET,0
9638095,window handle,ASE 36 (BALANCE),NO,0
9638547,Inner Shell,ASE 36,BAR,0
9638549,Inner Shell,ASE 36,BAR,0
9638551,Centre Shell,ASE 36,BAR,0
9638553,vent frame inner pr.,ASE 36,BAR,0
9638555,Outer Shell,ASE 36,BAR,0
9638557,Centre Shell,ASE 36,BAR,0
9638559,vent frame inner pr.,ASE 36 (BALANCE),BAR,0
9638561,vent frame inner pr.,ASE 36 (BALANCE),BAR,0
9638563,"Interlock Profile , Aluminium",ASE 36,BAR,0
9638565,Cover profile,ASE 36,BAR,0
9638566,Cover profile,ASE 36,BAR,0
9638567,Locking Bar Profile,ASE 36,BAR,0
9638568,Support Profile,ASE 36,BAR,0
9639350,door threshold,ADS / AWS 65,BAR,0
9640297,Cover,ASE 36,NO,0
9640298,Cover,ASE 36,NO,0
9640299,cover,ASE 36 (BALANCE),PACKET,0
9640300,cover,ASE 36 (BALANCE),PACKET,0
9640301,cover,ASE 36 (BALANCE),PACKET,0
9640302,sealing cover,ASE 36 (BALANCE),PACKET,0
9640303,sealing cover,ASE 36 (BALANCE),PACKET,0
9640307,Locking Plate,ASE 36,PACKET,0
9640308,locking plate,ASE 36 (BALANCE),PACKET,0
9642410,INNER SHELL ( 9656510) ( I ),ASE 55 Lift & Slide,BAR,0
9642411,OUTER SHELL ( 9656510) ( O ),ASE 55 Lift & Slide,BAR,0
9642418,TRACK PROFILE,ASE 55 Lift & Slide,BAR,0
9642420,COVER PROFILE,ASE 55 Lift & Slide,BAR,0
9642422,FIXING PROFILE,ASE 55 Lift & Slide,BAR,0
9642426,ROLLER SUPPORT PROFILE,ASE 55 Lift & Slide,BAR,0
9642596,GUIDE PIECE TOP,ASE 55 Lift & Slide,PACKET,0
9642598,END CAP,ASE 55 Lift & Slide,PACKET,0
9642767,GUIDE PIECE BOTTOM NORMAL SLIDE,ASE 55 Lift & Slide,PACKET,0
9642828,INNER SHELL ( 9642863) ( I ),ASE 55 Lift & Slide,BAR,0
9642834,COVER PROFILE,ASE 55 Lift & Slide,BAR,0
9642835,SCREW PORT PROFILE FOR CONNECTION WITH DESIN,ASE 55 Lift & Slide,BAR,0
9642836,COUPLING PROFILE (PVC),ASE 55 Lift & Slide,BAR,0
9642862,OUTER SHELL ( 9642863) ( O ),ASE 55 Lift & Slide,BAR,0
9643016,OUTER SHELL ( 9648622) ( O ),ASE 55 Lift & Slide,BAR,0
9643167,inner facing frame,"70PD & 90HI, 35PD CW - 7pcs",BAR,0
9643168,OUTER FRAME BOTTOM 500 GUTTER (9645364)  ( M ),ASE 70 PD.ME,BAR,0
9643171,vent frame inner pr.,ASE 70 PD.ME,BAR,0
9643172,SHUTTER FRAME BOTTOM (9643173)  ( M ),ASE 70 PD.ME,BAR,0
9643174,TOP VENT FRAME (9643175),ASE 70 PD.ME,BAR,0
9643176,vent frame inner pr.,"70PD & 90HI, 35PD CW - 7pcs",BAR,0
9643177,VENT FRAME VERTICAL  (9643179)  ( O ),ASE 70 PD.ME,BAR,0
9643180,vent frame inner pr.,ASE 70 PD.ME,BAR,0
9643181,SHUTTER FRAME BOTTOM (9643182)  ( M ),ASE 70 PD.ME,BAR,0
9643183,mullion inner prof.,"70PD & 90HI, 35PD CW - 7pcs",BAR,0
9643184,mullion outer prof.,"70PD & 90HI, 35PD CW - 7pcs",BAR,0
9643186,mullion inner prof.,"70PD & 90HI, 35PD CW - 7pcs",BAR,0
9643187,mullion outer prof.,"70PD & 90HI, 35PD CW - 7pcs",BAR,0
9643189,"STRUCTURAL INTERLOCK PROFILE, TYPE 2C, 31MM, A",ASE 70 PD.ME,BAR,0
9643193,"INSERT PROFILE, FIXED VENT, 500KG, ALUMINIUM",ASE 70 PD.ME,BAR,0
9643194,"COVER PROFILE, ALUMINIUM",ASE 70 PD.ME,BAR,0
9643195,"COVER CLIP, ALUMINIUM",ASE 70 PD.ME,BAR,0
9643196,"INSERT PROFILE FOR FINISH FLOOR, ALUMINIUM",ASE 70 PD.ME,BAR,0
9643197,FIXING PROFILE FOR TOP LOCK WITH 31MM INTERLOC,ASE 70 PD.ME,BAR,0
9643198,"LOCKING BAR, ALUMINIUM",ASE 70 PD.ME,BAR,0
9643199,"LOCKING BAR, ALUMINIUM",ASE 70 PD.ME,BAR,0
9643200,ISOLATOR PROFILE,ASE 70 PD.ME,BAR,0
9643202,INTERLOCK GASKET,ASE 70 PD.ME,PACKET,0
9643203,INTERLOCK GASKET,ASE 70 PD.ME,PACKET,0
9643204,GASKET PIECE,ASE 70 PD.ME,PACKET,0
9643726,OUTER SHELL ( 9643729) ( O ),ASE 55 Lift & Slide,BAR,0
9643727,INNER SHELL ( 9643729) ( I ),ASE 55 Lift & Slide,BAR,0
9643749,ADAPTER PROFILE,ASE 55 Lift & Slide,BAR,0
9643750,"DRIP BAR, MULTI TRACK",ASE 55 Lift & Slide,BAR,0
9643756,ALUMINIUM SPEACER FOR FIXED VENT,ASE 55 Lift & Slide,BAR,0
9643765,COVER PROFILEV (PVC),ASE 55 Lift & Slide,BAR,0
9643766,COVER PROFILE (PVC),ASE 55 Lift & Slide,BAR,0
9643767,END CAP,ASE 55 Lift & Slide,PACKET,0
9643771,CENTRE SEAL KIT,ASE 55 Lift & Slide,NO,0
9644717,VENT FRAME (9644718),ASE 70 PD.ME,BAR,0
9645362,OUTER FRAME BOTTOM 500 GUTTER (9645363)  ( O ),ASE 70 PD.ME,BAR,0
9645368,"INTEGRATED GUTTER, 500KG, ALUMINIUM",ASE 70 PD.ME,BAR,0
9645370,additional profile,ASE 70 PD.ME,BAR,0
9647158,ADAPTER FOR 2 POINT LOCKING,ASE 55 Lift & Slide,BAR,0
9647594,"INSERT PROFILE FOR FINISH FLOOR, ALUMINIUM",ASE 70 PD.ME,BAR,0
9647595,"INSERT PROFILE FOR FINISH FLOOR, ALUMINIUM",ASE 70 PD.ME,BAR,0
9648147,Sealing pad part,ASE 36,NO,0
9648148,sealing piece,ASE 36 (BALANCE),PACKET,0
9648149,sealing piece,ASE 36 (BALANCE),PACKET,0
9648150,sealing piece,ASE 36 (BALANCE),PACKET,0
9648160,cap,ASE 36 (BALANCE),PACKET,0
9648161,"Glazing support
(100x30x4)",ASE 36,PACKET,0
9648162,Cover profile,ASE 36,BAR,0
9648164,Gasket,ASE 36,PACKET,0
9648167,Sealing pad,ASE 36,PACKET,0
9648168,Sealing pad,ASE 36,PACKET,0
9648170,Sealing pad,ASE 36,PACKET,0
9648314,9648314,ASE 54 PD,NO,0
9648319,9648319,ASE 54 PD,NO,0
9648621,INNER SHELL ( 9648622) ( I ),ASE 55 Lift & Slide,BAR,0
9648625,END CAP REINFORCEMENT PROFILES,ASE 55 Lift & Slide,PACKET,0
9649621,Sealing pad part,ASE 36,NO,0
9649622,Sealing pad part,ASE 36,NO,0
9649623,Sealing pad part,ASE 36,NO,0
9649624,Sealing pad part,ASE 36,NO,0
9649625,Sealing pad part,ASE 36,NO,0
9649626,Sealing pad part,ASE 36,NO,0
9649627,Sealing pad part,ASE 36,NO,0
9649628,Sealing pad part,ASE 36,NO,0
9649629,Sealing pad part,ASE 36,NO,0
9650457,BRUSH SEAL,ASE 70 PD.ME,PACKET,0
9650481,2 POINT LOCKING WITH ANTI MISHANDLING DEVICE,ASE 55 Lift & Slide,PACKET,0
9650484,HANDLE RIGHT SIDE (RS),ASE 55 Lift & Slide,NO,0
9650487,HANDLE LEFT SIDE (LS),ASE 55 Lift & Slide,NO,0
9650488,LOCKING KEEP,ASE 55 Lift & Slide,PACKET,0
9651248,Gear support,ASE 36,PACKET,0
9651359,Meeting Rail,ASE 70 (POCKET SLIDING),BAR,0
9654598,Handle RS,ASE 36,NO,0
9654599,Handle LS,ASE 36,NO,0
9655380,"Drip Bar Profile, Aluminium",ASE 36,BAR,0
9655841,Frame Gasket,ASE 36,PACKET,0
9657617,Cover,ASE 36,PAIR,0
9657618,plastic cap RAL 9010,ASE 36 (BALANCE),PACKET,0
9658293,Profile,ASE 36,BAR,0
9659956,"INSERT PROFILE, ROLLER CARRIAGE, 500KG, ALUMINI",ASE 70 PD.ME,BAR,0
9660994,ROLLER CLAMP - 500KG,ASE 70 PD.ME,PACKET,0
9662827,sealing piece LS,ASE 36 (BALANCE),NO,0
9665595,mullion outer prof.,ASE 80 Lift & Slide + CW,BAR,0
9665597,vent frame inner pr.,ASE 80 Lift & Slide + CW,BAR,0
9665599,vent frame outer pr.,ASE 80 Lift & Slide + CW,BAR,0
