holding,article_ref,description,system_ref,unit,ordered,received,issued,balance,still_on_order,explained_by_an_unbooked_delivery
"Villa D58, Flame Tree Ridge A",291009,Roller 35,"70PD & 90HI, 35PD CW - 7pcs",NO,320.0,0.0,304.0,-304.0,320.0,yes
"Villa D58, Flame Tree Ridge A",9660994,plastic holder,"70PD & 90HI, 35PD CW - 7pcs",NO,320.0,0.0,304.0,-304.0,320.0,yes
"Villa D58, Flame Tree Ridge A",203102,Glazing bead clip For coatng,"70PD & 90HI, 35PD CW - 7pcs",NO,300.0,0.0,300.0,-300.0,300.0,yes
Stock,218158,Connector nail 5x18,ASE 54 PD,NO,1000.0,0.0,292.0,-292.0,1000.0,yes
"Villa D58, Flame Tree Ridge A",224350,Glazing gskt 5,"70PD & 90HI, 35PD CW - 7pcs",NO,400.0,0.0,260.0,-260.0,400.0,yes
"Villa D58, Flame Tree Ridge A",224063,Glazg rebate gaskt 4,"70PD & 90HI, 35PD CW - 7pcs",NO,200.0,0.0,220.0,-220.0,200.0,yes
Stock,205082,"C/s screw ST4,8x30 ISR25",ASE 54 PD,NO,300.0,0.0,204.0,-204.0,300.0,yes
Rasha + 606+Mea 9 miss access,225351,"Connect. screw ST5,5x18 ISR20",MTO for 54 PD stock,NO,200.0,0.0,200.0,-200.0,200.0,yes
"Villa D58, Flame Tree Ridge A",218157,"Connector nail 5x13,5","70PD & 90HI, 35PD CW - 7pcs",NO,200.0,0.0,200.0,-200.0,200.0,yes
Stock,218168,Cover cap 10/15,ASE 54 PD,NO,300.0,0.0,158.0,-158.0,300.0,yes
"Villa D58, Flame Tree Ridge A",298892,Glazing block plastic 100x35x5,"70PD & 90HI, 35PD CW - 7pcs",NO,200.0,0.0,156.0,-156.0,200.0,yes
Stock,205478,C/s screw M4x6 ISR20,ASE 54 PD,NO,300.0,0.0,152.0,-152.0,300.0,yes
Stock,205174,"C/s screw ST3,9x22 ISR15",ASE 54 PD,NO,100.0,100.0,204.0,-104.0,0.0,no
Stock,205440,"Cheese hd scrw ST4,8x28 ISR25",ASE 54 PD,NO,1000.0,0.0,100.0,-100.0,1000.0,yes
Stock,244202,Glazing gskt 7-8 (224378),ASE 54 PD,NO,2100.0,0.0,100.0,-100.0,2100.0,yes
"Villa D58, Flame Tree Ridge A",205292,"Cheese hd scrw ST3,9x45 ISR15","70PD & 90HI, 35PD CW - 7pcs",NO,100.0,0.0,96.0,-96.0,100.0,yes
"Villa D58, Flame Tree Ridge A",205390,"Cheese hd scrw ST4,8x38 ISR25","70PD & 90HI, 35PD CW - 7pcs",NO,100.0,0.0,96.0,-96.0,100.0,yes
"Villa D58, Flame Tree Ridge A",269274,Adjustment dev.,"70PD & 90HI, 35PD CW - 7pcs",NO,100.0,0.0,88.0,-88.0,100.0,yes
"Villa D58, Flame Tree Ridge A",245702,"Spacer gasket 4 24,6 5,5 Bk","70PD & 90HI, 35PD CW - 7pcs",M,84.0,0.0,84.0,-84.0,84.0,yes
Stock,239615,CLMP ANCH. M6 L51,ADS / AWS 65,NO,360.0,0.0,78.0,-78.0,360.0,yes
"Villa D58, Flame Tree Ridge A",288163,Glass suppt,"70PD & 90HI, 35PD CW - 7pcs",NO,100.0,0.0,72.0,-72.0,100.0,yes
"Villa D58, Flame Tree Ridge A",244058,"Gasket cord 2,5","70PD & 90HI, 35PD CW - 7pcs",M,200.0,0.0,70.0,-70.0,200.0,yes
"Villa D58, Flame Tree Ridge A",225116,"Cheese hd scrw ST4,8x45 ISR25","70PD & 90HI, 35PD CW - 7pcs",NO,100.0,0.0,64.0,-64.0,100.0,yes
Stock,236217,CORNER CLEAT,ADS / AWS 65,NO,52.0,84.0,144.0,-60.0,0.0,no
Rasha + 606+Mea 9 miss access,267990,Seal,MTO for 54 PD stock,M,60.0,0.0,60.0,-60.0,60.0,yes
"Villa D58, Flame Tree Ridge A",205080,"C/s screw ST3,9x13 ISR15","70PD & 90HI, 35PD CW - 7pcs",NO,100.0,0.0,60.0,-60.0,100.0,yes
"Villa D58, Flame Tree Ridge A",225198,Connect. screw M6x11 ISR20,"70PD & 90HI, 35PD CW - 7pcs",NO,100.0,0.0,60.0,-60.0,100.0,yes
"Villa D58, Flame Tree Ridge A",225273,"Hexagon nut M4/18x5,5/8","70PD & 90HI, 35PD CW - 7pcs",NO,100.0,0.0,60.0,-60.0,100.0,yes
"Villa D58, Flame Tree Ridge A",225299,Hammer hd bolt Pl-leg M4x54,"70PD & 90HI, 35PD CW - 7pcs",NO,100.0,0.0,60.0,-60.0,100.0,yes
"Villa D58, Flame Tree Ridge A",225891,Glzng reb. ins.,"70PD & 90HI, 35PD CW - 7pcs",NO,60.0,0.0,60.0,-60.0,60.0,yes
"Villa D58, Flame Tree Ridge A",224073,"PA insul. bar Sm 17,5","70PD & 90HI, 35PD CW - 7pcs",BAR,58.0,0.0,58.0,-58.0,58.0,yes
"Villa D58, Flame Tree Ridge A",225089,"Cheese hd scrw ST3,9x13 ISR15","70PD & 90HI, 35PD CW - 7pcs",NO,100.0,0.0,56.0,-56.0,100.0,yes
Stock,239612,FIXING PLATE,ADS / AWS 65,NO,192.0,0.0,48.0,-48.0,192.0,yes
Rasha + 606+Mea 9 miss access,660168,End cap Interlk,MTO for 54 PD stock,NO,50.0,0.0,48.0,-48.0,50.0,yes
Stock,218158,CONNECTOR NAIL 5X18,ADS / AWS 65,NO,1200.0,0.0,40.0,-40.0,1200.0,yes
"Villa 80 - ST3, Esmeralda – A",224683,"Rebate gasket 3,5",ASE 36 (BALANCE),M,200.0,0.0,35.0,-35.0,200.0,yes
"Villa D58, Flame Tree Ridge A",218170,St. steel pin,"70PD & 90HI, 35PD CW - 7pcs",NO,100.0,0.0,32.0,-32.0,100.0,yes
Stock,239591,BRRL HNG R51 RAL9005,ADS / AWS 65,NO,60.0,6.0,36.0,-30.0,54.0,yes
Stock,216294,CRNR PLT,ADS / AWS 65,NO,300.0,0.0,28.0,-28.0,300.0,yes
Stock,288191,Surf. Activ. Silicne,ASE 36,NO,14.0,14.0,42.0,-28.0,0.0,no
Rasha + 606+Mea 9 miss access,288320,DIVERSE F&A (drainage cowl 288320),MTO for 54 PD stock,NO,100.0,0.0,28.0,-28.0,100.0,yes
Stock,225270,"C/s screw ST3,9x40 ISR15",ASE 54 PD,NO,200.0,100.0,126.0,-26.0,100.0,yes
"Villa D58, Flame Tree Ridge A",298195,"Foam strip 12x1,6","70PD & 90HI, 35PD CW - 7pcs",M,60.0,0.0,25.0,-25.0,60.0,yes
"Villa D58, Flame Tree Ridge A",225015,C/s screw M4x25 ISR15,"70PD & 90HI, 35PD CW - 7pcs",NO,100.0,0.0,24.0,-24.0,100.0,yes
"Villa D58, Flame Tree Ridge A",227018,Drainage cover cap,"70PD & 90HI, 35PD CW - 7pcs",NO,100.0,0.0,24.0,-24.0,100.0,yes
"Villa D58, Flame Tree Ridge A",245791,Rebate gasket BF 22,"70PD & 90HI, 35PD CW - 7pcs",M,21.0,0.0,21.0,-21.0,21.0,yes
"Villa D58, Flame Tree Ridge A",224690,Cover prof. 9005,"70PD & 90HI, 35PD CW - 7pcs",NO,40.0,0.0,20.0,-20.0,40.0,yes
"Villa D58, Flame Tree Ridge A",225463,Insul-prf.,"70PD & 90HI, 35PD CW - 7pcs",NO,20.0,0.0,20.0,-20.0,20.0,yes
"Villa D58, Flame Tree Ridge A",246145,PA insul. bar Sm 20,"70PD & 90HI, 35PD CW - 7pcs",BAR,20.0,0.0,20.0,-20.0,20.0,yes
"Villa D58, Flame Tree Ridge A",279714,Turn hng 9005,"70PD & 90HI, 35PD CW - 7pcs",,20.0,0.0,20.0,-20.0,20.0,yes
Stock,205081,"C/S SCREW ST3,9X16 ISR15",ADS / AWS 65,NO,500.0,0.0,19.0,-19.0,500.0,yes
Stock,276201,SUSPN. ARM S SZ2 OW,ADS / AWS 65,NO,20.0,20.0,38.0,-18.0,0.0,no
"Villa D58, Flame Tree Ridge A",205430,"C/s screw ST3,9x9,5 ISR15","70PD & 90HI, 35PD CW - 7pcs",NO,100.0,0.0,16.0,-16.0,100.0,yes
"Villa D58, Flame Tree Ridge A",205478,C/s screw M4x6 ISR20,"70PD & 90HI, 35PD CW - 7pcs",NO,100.0,0.0,16.0,-16.0,100.0,yes
"Villa D58, Flame Tree Ridge A",245732,Brush seal 15,"70PD & 90HI, 35PD CW - 7pcs",NO,16.0,0.0,16.0,-16.0,16.0,yes
"Villa D58, Flame Tree Ridge A",9643204,centre seal,"70PD & 90HI, 35PD CW - 7pcs",M,16.0,0.0,16.0,-16.0,16.0,yes
"Villa D58, Flame Tree Ridge A",244173,Glazg rebate gaskt 3,"70PD & 90HI, 35PD CW - 7pcs",NO,200.0,0.0,15.0,-15.0,200.0,yes
Stock,277048,LOCK. ROLLER ADJUSTAB. S 160KG IW,ADS / AWS 65,NO,150.0,0.0,14.0,-14.0,150.0,yes
Stock,279290,DOUBLE CYLINDR 50/30 30°,ADS / AWS 65,NO,154.0,0.0,14.0,-14.0,154.0,yes
Stock,295903,PA-PROFILE - SA-03,ASE 54 PD,BAR,62.0,0.0,14.0,-14.0,62.0,yes
Rasha + 606+Mea 9 miss access,288346,DIVERSE F&A (adaptor 288346),MTO for 54 PD stock,PAIR,15.0,0.0,14.0,-14.0,15.0,yes
"Villa 80 - ST3, Esmeralda – A",9657618,plastic cap RAL 9010,ASE 36 (BALANCE),NO,10.0,0.0,14.0,-14.0,10.0,yes
"Villa D58, Flame Tree Ridge A",245731,PA insul. bar Gr 50,"70PD & 90HI, 35PD CW - 7pcs",BAR,14.0,0.0,14.0,-14.0,14.0,yes
Stock,258355,Knob C0,ASE 54 PD,NO,55.0,1.0,14.0,-13.0,54.0,yes
Stock,205431,"C/s screw ST3,9x25 ISR15",ASE 54 PD,NO,200.0,200.0,212.0,-12.0,0.0,no
"Villa D58, Flame Tree Ridge A",245539,PA insul. bar Sm 50,"70PD & 90HI, 35PD CW - 7pcs",BAR,12.0,0.0,12.0,-12.0,12.0,yes
"Villa D58, Flame Tree Ridge A",276879,Keep,"70PD & 90HI, 35PD CW - 7pcs",NO,12.0,0.0,12.0,-12.0,12.0,yes
"Villa D58, Flame Tree Ridge A",288180,Special adhesive Silicne,"70PD & 90HI, 35PD CW - 7pcs",NO,12.0,0.0,12.0,-12.0,12.0,yes
"Villa D58, Flame Tree Ridge A",288181,Surf. activ. Silicne,"70PD & 90HI, 35PD CW - 7pcs",NO,12.0,0.0,12.0,-12.0,12.0,yes
Stock,241003,"SAFEMATIC H >2500 1-LF34,5",ADS / AWS 65,NO,154.0,0.0,11.0,-11.0,154.0,yes
Stock,276797,DOOR STOP SLVR,ASE 70 PD.ME,NO,40.0,0.0,11.0,-11.0,40.0,yes
Stock,240866,STRIKE PLATE KIT,ADS / AWS 65,NO,154.0,0.0,10.0,-10.0,154.0,yes
Stock,248979,ENGAG. BLCK RC2 OW,ADS / AWS 65,NO,20.0,20.0,30.0,-10.0,0.0,no
Rasha + 606+Mea 9 miss access,660167,End cap Interlk,MTO for 54 PD stock,NO,30.0,0.0,10.0,-10.0,30.0,yes
"Villa D58, Flame Tree Ridge A",244512,"Gasket cord 4,5","70PD & 90HI, 35PD CW - 7pcs",M,200.0,0.0,10.0,-10.0,200.0,yes
"Villa D58, Flame Tree Ridge A",245701,Centre gasket Bk,"70PD & 90HI, 35PD CW - 7pcs",M,20.0,0.0,10.0,-10.0,20.0,yes
"Villa D58, Flame Tree Ridge A",245703,Rebate gasket Bk,"70PD & 90HI, 35PD CW - 7pcs",M,40.0,0.0,10.0,-10.0,40.0,yes
"Villa D58, Flame Tree Ridge A",284652,Centre gasket,"70PD & 90HI, 35PD CW - 7pcs",M,40.0,0.0,10.0,-10.0,40.0,yes
"Villa D58, Flame Tree Ridge A",542100,Inner shell 26,"70PD & 90HI, 35PD CW - 7pcs",BAR,10.0,0.0,10.0,-10.0,10.0,yes
"Villa D58, Flame Tree Ridge A",9643176,vent frame inner pr.,"70PD & 90HI, 35PD CW - 7pcs",BAR,10.0,0.0,10.0,-10.0,10.0,yes
"Villa 80 - ST3, Esmeralda – A",288191,Surf. activ. PUR,ASE 36 (BALANCE),NO,3.0,3.0,12.0,-9.0,0.0,no
"Villa D58, Flame Tree Ridge A",254519,"DOOR STOP,BLACK","70PD & 90HI, 35PD CW - 7pcs",NO,50.0,0.0,9.0,-9.0,50.0,yes
Stock,238440,END SEAL UN. 1-LF,ADS / AWS 65,NO,153.0,4.0,12.0,-8.0,149.0,yes
Stock,242500,JNT-SEAL PC 65,ADS / AWS 65,NO,100.0,0.0,8.0,-8.0,100.0,yes
"Villa D58, Flame Tree Ridge A",205827,"Cheese hd scrw ST3,9x15 ISR15","70PD & 90HI, 35PD CW - 7pcs",NO,100.0,0.0,8.0,-8.0,100.0,yes
"Villa D58, Flame Tree Ridge A",225945,Ret. catch 90,"70PD & 90HI, 35PD CW - 7pcs",NO,8.0,0.0,8.0,-8.0,8.0,yes
"Villa D58, Flame Tree Ridge A",542120,Outer shell 48,"70PD & 90HI, 35PD CW - 7pcs",BAR,8.0,0.0,8.0,-8.0,8.0,yes
Stock,275110,SAFETY CATCH AWS OPEN OUT RH,ADS / AWS 65,NO,200.0,0.0,6.0,-6.0,200.0,yes
Stock,276692,LOAD SUPPORT T S 130KG OW,ADS / AWS 65,NO,150.0,0.0,6.0,-6.0,150.0,yes
"Villa D58, Flame Tree Ridge A",9626192,inner facing frame,"70PD & 90HI, 35PD CW - 7pcs",BAR,6.0,0.0,6.0,-6.0,6.0,yes
"Villa D58, Flame Tree Ridge A",9643189,mullion,"70PD & 90HI, 35PD CW - 7pcs",BAR,6.0,0.0,6.0,-6.0,6.0,yes
Stock,298900,Seal. cmpd Schüco Flex 2 Bk,ASE 54 PD,NO,113.0,0.0,5.0,-5.0,113.0,yes
"Villa D58, Flame Tree Ridge A",244293,Glazg rebate gaskt 9,"70PD & 90HI, 35PD CW - 7pcs",NO,100.0,0.0,5.0,-5.0,100.0,yes
"Villa D58, Flame Tree Ridge A",267990,Seal,"70PD & 90HI, 35PD CW - 7pcs",M,30.0,0.0,5.0,-5.0,30.0,yes
"Villa D58, Flame Tree Ridge A",9626213,additional profile,"70PD & 90HI, 35PD CW - 7pcs",BAR,5.0,0.0,5.0,-5.0,5.0,yes
Stock,236528,CORNER CLEAT,ADS / AWS 65,NO,24.0,0.0,4.0,-4.0,24.0,yes
Stock,236535,CORNER CLEAT,ADS / AWS 65,NO,44.0,0.0,4.0,-4.0,44.0,yes
Stock,236553,CORNER SEAL,ADS / AWS 65,NO,100.0,0.0,4.0,-4.0,100.0,yes
"Villa 24, Street 4, Savannah A",313230,Glzng bead 15-37,AS FD 90 HI,BAR,5.0,0.0,4.0,-4.0,5.0,yes
"Villa 80 - ST3, Esmeralda – A",9640297,cover,ASE 36 (BALANCE),NO,20.0,0.0,4.0,-4.0,20.0,yes
"Villa D58, Flame Tree Ridge A",205082,"C/s screw ST4,8x30 ISR25","70PD & 90HI, 35PD CW - 7pcs",NO,100.0,0.0,4.0,-4.0,100.0,yes
"Villa D58, Flame Tree Ridge A",225412,Crnr gskt kt C1 39/39,"70PD & 90HI, 35PD CW - 7pcs",NO,4.0,0.0,4.0,-4.0,4.0,yes
"Villa D58, Flame Tree Ridge A",225943,Shoot bolt lock 90,"70PD & 90HI, 35PD CW - 7pcs",,4.0,0.0,4.0,-4.0,4.0,yes
"Villa D58, Flame Tree Ridge A",240784,Hndle C35,"70PD & 90HI, 35PD CW - 7pcs",,4.0,0.0,4.0,-4.0,4.0,yes
"Villa D58, Flame Tree Ridge A",240802,Lock 3-pt,"70PD & 90HI, 35PD CW - 7pcs",,4.0,0.0,4.0,-4.0,4.0,yes
"Villa D58, Flame Tree Ridge A",245665,"PA insul. bar Sm 42,5/18,7","70PD & 90HI, 35PD CW - 7pcs",BAR,4.0,0.0,4.0,-4.0,4.0,yes
"Villa D58, Flame Tree Ridge A",246696,Gasket corner 9/3,"70PD & 90HI, 35PD CW - 7pcs",NO,20.0,0.0,4.0,-4.0,20.0,yes
"Villa D58, Flame Tree Ridge A",269191,Handle 9005,"70PD & 90HI, 35PD CW - 7pcs",,4.0,0.0,4.0,-4.0,4.0,yes
"Villa D58, Flame Tree Ridge A",269368,Pull hdle 9005,"70PD & 90HI, 35PD CW - 7pcs",,4.0,0.0,4.0,-4.0,4.0,yes
"Villa D58, Flame Tree Ridge A",284763,"PA insul. bar Sm 42,5","70PD & 90HI, 35PD CW - 7pcs",BAR,4.0,0.0,4.0,-4.0,4.0,yes
"Villa D58, Flame Tree Ridge A",288614,Seal,"70PD & 90HI, 35PD CW - 7pcs",M,100.0,0.0,4.0,-4.0,100.0,yes
"Villa D58, Flame Tree Ridge A",542380,Outer shell 73,"70PD & 90HI, 35PD CW - 7pcs",BAR,4.0,0.0,4.0,-4.0,4.0,yes
"Villa D58, Flame Tree Ridge A",9659956,insert profile,"70PD & 90HI, 35PD CW - 7pcs",BAR,4.0,0.0,4.0,-4.0,4.0,yes
Stock,239594,BRRL HNG R51 SS,ADS / AWS 65,NO,30.0,0.0,3.0,-3.0,30.0,yes
Stock,247001,PUSH W-HDLE C0 IW,ADS / AWS 65,NO,20.0,0.0,3.0,-3.0,20.0,yes
Stock,247083,HANDLE RSTTE BASIS IW,ADS / AWS 65,NO,50.0,0.0,3.0,-3.0,50.0,yes
Stock,277180,CAVITY GEARBOX 23 SYM S LS/RS IW,ADS / AWS 65,NO,50.0,0.0,3.0,-3.0,50.0,yes
"Villa D58, Flame Tree Ridge A",281679,Drainage cowl,"70PD & 90HI, 35PD CW - 7pcs",NO,10.0,0.0,3.0,-3.0,10.0,yes
"Villa D58, Flame Tree Ridge A",484390,Pressure plte Pre-ass.,"70PD & 90HI, 35PD CW - 7pcs",BAR,4.0,0.0,3.0,-3.0,4.0,yes
Stock,238441,END SEAL UN. 2-LF LH,ADS / AWS 65,NO,5.0,0.0,2.0,-2.0,5.0,yes
Stock,242662,CVR PT LH 9005,ADS / AWS 65,NO,10.0,0.0,2.0,-2.0,10.0,yes
Stock,242693,REB. MK-UP PCE 9005,ADS / AWS 65,NO,10.0,0.0,2.0,-2.0,10.0,yes
Stock,9654598,Handle RS,ASE 36,NO,10.0,10.0,12.0,-2.0,0.0,no
"Villa 80 - ST3, Esmeralda – A",9640301,cover,ASE 36 (BALANCE),NO,4.0,0.0,2.0,-2.0,4.0,yes
"Villa 80 - ST3, Esmeralda – A",9649627,base plate,ASE 36 (BALANCE),NO,10.0,0.0,2.0,-2.0,10.0,yes
"Villa D58, Flame Tree Ridge A",201399,Track,"70PD & 90HI, 35PD CW - 7pcs",BAR,2.0,0.0,2.0,-2.0,2.0,yes
"Villa D58, Flame Tree Ridge A",225465,Seal,"70PD & 90HI, 35PD CW - 7pcs",NO,2.0,0.0,2.0,-2.0,2.0,yes
"Villa D58, Flame Tree Ridge A",225801,Rllr car. Both sides C35,"70PD & 90HI, 35PD CW - 7pcs",NO,2.0,0.0,2.0,-2.0,2.0,yes
"Villa D58, Flame Tree Ridge A",225901,Rllr car. hge Both sides 9005,"70PD & 90HI, 35PD CW - 7pcs",,2.0,0.0,2.0,-2.0,2.0,yes
"Villa D58, Flame Tree Ridge A",225908,Rllr car. hge 1-sided 9005,"70PD & 90HI, 35PD CW - 7pcs",,2.0,0.0,2.0,-2.0,2.0,yes
"Villa D58, Flame Tree Ridge A",240786,Central locking RS,"70PD & 90HI, 35PD CW - 7pcs",NO,2.0,0.0,2.0,-2.0,2.0,yes
"Villa D58, Flame Tree Ridge A",240787,Central locking LS,"70PD & 90HI, 35PD CW - 7pcs",NO,2.0,0.0,2.0,-2.0,2.0,yes
"Villa D58, Flame Tree Ridge A",240791,Hndle LS C35,"70PD & 90HI, 35PD CW - 7pcs",,2.0,0.0,2.0,-2.0,2.0,yes
"Villa D58, Flame Tree Ridge A",240794,Hndle RS C35,"70PD & 90HI, 35PD CW - 7pcs",,2.0,0.0,2.0,-2.0,2.0,yes
"Villa D58, Flame Tree Ridge A",240908,Handle short sx C35,"70PD & 90HI, 35PD CW - 7pcs",,2.0,0.0,2.0,-2.0,2.0,yes
"Villa D58, Flame Tree Ridge A",240909,Handle short dx C35,"70PD & 90HI, 35PD CW - 7pcs",,2.0,0.0,2.0,-2.0,2.0,yes
"Villa D58, Flame Tree Ridge A",244804,Cover prof. 9005,"70PD & 90HI, 35PD CW - 7pcs",NO,10.0,0.0,2.0,-2.0,10.0,yes
"Villa D58, Flame Tree Ridge A",245581,"PA insul. bar Sm 37,5/28,4","70PD & 90HI, 35PD CW - 7pcs",BAR,2.0,0.0,2.0,-2.0,2.0,yes
"Villa D58, Flame Tree Ridge A",245592,Plastic profile Bk,"70PD & 90HI, 35PD CW - 7pcs",BAR,2.0,0.0,2.0,-2.0,2.0,yes
"Villa D58, Flame Tree Ridge A",245660,Spacer prof. Bk,"70PD & 90HI, 35PD CW - 7pcs",BAR,2.0,0.0,2.0,-2.0,2.0,yes
"Villa D58, Flame Tree Ridge A",245686,Cover prof. Bk,"70PD & 90HI, 35PD CW - 7pcs",BAR,2.0,0.0,2.0,-2.0,2.0,yes
"Villa D58, Flame Tree Ridge A",245687,"PA insul. bar Sm 37,5/10,4","70PD & 90HI, 35PD CW - 7pcs",BAR,2.0,0.0,2.0,-2.0,2.0,yes
"Villa D58, Flame Tree Ridge A",245887,Cover prof. Bk,"70PD & 90HI, 35PD CW - 7pcs",BAR,2.0,0.0,2.0,-2.0,2.0,yes
"Villa D58, Flame Tree Ridge A",268740,Cruc. gls carr. 28-32,"70PD & 90HI, 35PD CW - 7pcs",NO,10.0,0.0,2.0,-2.0,10.0,yes
"Villa D58, Flame Tree Ridge A",278143,"PA insul. bar Sm 37,5","70PD & 90HI, 35PD CW - 7pcs",BAR,2.0,0.0,2.0,-2.0,2.0,yes
"Villa D58, Flame Tree Ridge A",525440,Inner shell 32,"70PD & 90HI, 35PD CW - 7pcs",BAR,2.0,0.0,2.0,-2.0,2.0,yes
"Villa D58, Flame Tree Ridge A",525460,Inner shell 46,"70PD & 90HI, 35PD CW - 7pcs",BAR,2.0,0.0,2.0,-2.0,2.0,yes
"Villa D58, Flame Tree Ridge A",542020,Outer shell 7,"70PD & 90HI, 35PD CW - 7pcs",BAR,2.0,0.0,2.0,-2.0,2.0,yes
"Villa D58, Flame Tree Ridge A",542980,Outer shell 71,"70PD & 90HI, 35PD CW - 7pcs",BAR,2.0,0.0,2.0,-2.0,2.0,yes
"Villa D58, Flame Tree Ridge A",576040,Inner shell 46,"70PD & 90HI, 35PD CW - 7pcs",BAR,2.0,0.0,2.0,-2.0,2.0,yes
"Villa D58, Flame Tree Ridge A",576050,Outer shell 71,"70PD & 90HI, 35PD CW - 7pcs",BAR,2.0,0.0,2.0,-2.0,2.0,yes
"Villa D58, Flame Tree Ridge A",576090,Inner shell 39,"70PD & 90HI, 35PD CW - 7pcs",BAR,2.0,0.0,2.0,-2.0,2.0,yes
"Villa D58, Flame Tree Ridge A",576110,Outer shell 39,"70PD & 90HI, 35PD CW - 7pcs",BAR,2.0,0.0,2.0,-2.0,2.0,yes
"Villa D58, Flame Tree Ridge A",584000,"Insert prof. 12,5","70PD & 90HI, 35PD CW - 7pcs",BAR,2.0,0.0,2.0,-2.0,2.0,yes
"Villa D58, Flame Tree Ridge A",9643193,insert profile,"70PD & 90HI, 35PD CW - 7pcs",BAR,3.0,1.0,3.0,-2.0,2.0,yes
"Villa D58, Flame Tree Ridge A",9643198,locking bar,"70PD & 90HI, 35PD CW - 7pcs",BAR,2.0,0.0,2.0,-2.0,2.0,yes
Stock,9649621,Sealing pad part,ASE 36,NO,13.0,13.0,14.0,-1.0,0.0,no
Stock,9649623,Sealing pad part,ASE 36,NO,13.0,13.0,14.0,-1.0,0.0,no
Stock,9649625,Sealing pad part,ASE 36,NO,13.0,13.0,14.0,-1.0,0.0,no
Stock,9649628,Sealing pad part,ASE 36,NO,12.0,12.0,13.0,-1.0,0.0,no
Rasha + 606+Mea 9 miss access,254518,DOOR STOP,MTO for 54 PD stock,NO,50.0,0.0,1.0,-1.0,50.0,yes
"Villa 24, Street 4, Savannah A",555930,Inner shell 47,AS FD 90 HI,BAR,2.0,0.0,1.0,-1.0,2.0,yes
"Villa 24, Street 4, Savannah A",555940,Outer shell 83,AS FD 90 HI,BAR,2.0,0.0,1.0,-1.0,2.0,yes
"Villa 24, Street 4, Savannah A",576010,Inner shell 32,AS FD 90 HI,BAR,2.0,0.0,1.0,-1.0,2.0,yes
"Villa 24, Street 4, Savannah A",576030,Outer shell 7,AS FD 90 HI,BAR,2.0,0.0,1.0,-1.0,2.0,yes
"Villa 24, Street 4, Savannah A",576040,Inner shell 46,AS FD 90 HI,BAR,2.0,0.0,1.0,-1.0,2.0,yes
"Villa 24, Street 4, Savannah A",576050,Outer shell 71,AS FD 90 HI,BAR,2.0,0.0,1.0,-1.0,2.0,yes
"Villa 24, Street 4, Savannah A",576090,Inner shell 39,AS FD 90 HI,BAR,2.0,0.0,1.0,-1.0,2.0,yes
"Villa 24, Street 4, Savannah A",576110,Outer shell 39,AS FD 90 HI,BAR,2.0,0.0,1.0,-1.0,2.0,yes
"Villa 80 - ST3, Esmeralda – A",9648147,sealing piece,ASE 36 (BALANCE),NO,5.0,0.0,1.0,-1.0,5.0,yes
"Villa 80 - ST3, Esmeralda – A",9649621,sealing piece,ASE 36 (BALANCE),NO,4.0,0.0,1.0,-1.0,4.0,yes
"Villa 80 - ST3, Esmeralda – A",9649623,sealing piece,ASE 36 (BALANCE),NO,4.0,0.0,1.0,-1.0,4.0,yes
"Villa 80 - ST3, Esmeralda – A",9649625,sealing piece,ASE 36 (BALANCE),NO,4.0,0.0,1.0,-1.0,4.0,yes
"Villa D58, Flame Tree Ridge A",225410,Crnr gskt kt LS B1 39/39,"70PD & 90HI, 35PD CW - 7pcs",NO,1.0,0.0,1.0,-1.0,1.0,yes
"Villa D58, Flame Tree Ridge A",225413,Crnr gskt kt RS B1 39/39,"70PD & 90HI, 35PD CW - 7pcs",NO,1.0,0.0,1.0,-1.0,1.0,yes
"Villa D58, Flame Tree Ridge A",225479,Crnr gskt kt RS B3-B4 39/39,"70PD & 90HI, 35PD CW - 7pcs",NO,1.0,0.0,1.0,-1.0,1.0,yes
"Villa D58, Flame Tree Ridge A",225480,Crnr gskt kt LS B3-B4 39/39,"70PD & 90HI, 35PD CW - 7pcs",NO,1.0,0.0,1.0,-1.0,1.0,yes
"Villa D58, Flame Tree Ridge A",225807,Rllr car. 1-sided LS C35,"70PD & 90HI, 35PD CW - 7pcs",NO,1.0,0.0,1.0,-1.0,1.0,yes
"Villa D58, Flame Tree Ridge A",225808,Rllr car. 1-sided RS C35,"70PD & 90HI, 35PD CW - 7pcs",,1.0,0.0,1.0,-1.0,1.0,yes
"Villa D58, Flame Tree Ridge A",245557,M/stile pr. Bk,"70PD & 90HI, 35PD CW - 7pcs",BAR,1.0,0.0,1.0,-1.0,1.0,yes
"Villa D58, Flame Tree Ridge A",245599,Plastic profile Bk,"70PD & 90HI, 35PD CW - 7pcs",BAR,1.0,0.0,1.0,-1.0,1.0,yes
"Villa D58, Flame Tree Ridge A",9643196,additional profile,"70PD & 90HI, 35PD CW - 7pcs",BAR,1.0,0.0,1.0,-1.0,1.0,yes
