concern,article_ref,system_ref,holding,sheet_rows,what the sheet says,what the import did
Duplicate line,112720,ASE 80 Lift & Slide + CW,"Apartment 603, Kempinski Residences",row 755; row 783,"the same article, system and holding appears on 2 rows (12 recd / 12 issued, 144 recd / 2 issued)",Rows added together
Duplicate line,203102,ADS / AWS 65,Marsa Al Arab,row 661; row 662,"the same article, system and holding appears on 2 rows (400 recd / 372 issued, 100 recd / 0 issued)",Rows added together
Duplicate line,211849,ADS / AWS 65,Marsa Al Arab,row 635; row 636,"the same article, system and holding appears on 2 rows (4 recd / 4 issued, 5 recd / 0 issued)",Rows added together
Duplicate line,239298,ADS / AWS 65,Marsa Al Arab,row 639; row 640,"the same article, system and holding appears on 2 rows (20 recd / 20 issued, 10 recd / 5 issued)",Rows added together
Duplicate line,239591,ADS / AWS 65,Marsa Al Arab,row 641; row 642,"the same article, system and holding appears on 2 rows (42 recd / 42 issued, 12 recd / 0 issued)",Rows added together
Duplicate line,239612,ADS / AWS 65,Marsa Al Arab,row 643; row 644,"the same article, system and holding appears on 2 rows (48 recd / 42 issued, 12 recd / 0 issued)",Rows added together
Duplicate line,239615,ADS / AWS 65,Marsa Al Arab,row 645; row 646,"the same article, system and holding appears on 2 rows (84 recd / 84 issued, 24 recd / 0 issued)",Rows added together
Duplicate line,240153,ADS / AWS 65,Marsa Al Arab,row 648; row 649,"the same article, system and holding appears on 2 rows (10 recd / 8 issued, 10 recd / 0 issued)",Rows added together
Duplicate line,240866,ADS / AWS 65,Marsa Al Arab,row 653; row 654,"the same article, system and holding appears on 2 rows (5 recd / 5 issued, 4 recd / 4 issued)",Rows added together
Duplicate line,245539,AS FD 90 HI,"Villa 24, Street 4, Savannah A",row 935; row 937,"the same article, system and holding appears on 2 rows (8 recd / 6 issued, 2 recd / 0 issued)",Rows added together
Duplicate line,269411,ASE 80 Lift & Slide + CW,"Apartment 603, Kempinski Residences",row 815; row 816,"the same article, system and holding appears on 2 rows (0 recd / 0 issued, 8 recd / 8 issued)",Rows added together
Duplicate line,279639,AWS65,"MISSING ITEM (RASHA-85, MEADOWS-09, K80)",row 904; row 910,"the same article, system and holding appears on 2 rows (10 recd / 0 issued, 6 recd / 0 issued)",Rows added together
Duplicate line,300001,ASE 54 PD sliding doors,MWADOWS-09,row 1364; row 1365; row 1369; row 1370; row 1374; row 1375,"the same article, system and holding appears on 6 rows (0 recd / 0 issued, 0 recd / 0 issued, 0 recd / 0 issued, 0 recd / 0 issued, 0 recd / 0 issued, 0 recd / 0 issued)","Rows added together — they are identical, so one may be a copy-paste"
Duplicate line,308380,ASE 36 (BALANCE),"Villa 80 - ST3, Esmeralda – A",row 1019; row 1021,"the same article, system and holding appears on 2 rows (2 recd / 0 issued, 2 recd / 0 issued)","Rows added together — they are identical, so one may be a copy-paste"
Duplicate line,322430,ASE 80 Lift & Slide + CW,"Apartment 603, Kempinski Residences",row 758; row 784,"the same article, system and holding appears on 2 rows (12 recd / 12 issued, 18 recd / 2 issued)",Rows added together
Duplicate line,345120,ADS / AWS 65,Stock,row 31; row 35,"the same article, system and holding appears on 2 rows (14 recd / 5 issued, 11 recd / 1 issued)",Rows added together
Duplicate line,391490,ADS / AWS 65,Stock,row 7; row 9,"the same article, system and holding appears on 2 rows (9 recd / 1 issued, 218 recd / 19 issued)",Rows added together
Duplicate line,460770,ASE 80 Lift & Slide + CW,"Apartment 603, Kempinski Residences",row 770; row 772,"the same article, system and holding appears on 2 rows (2 recd / 2 issued, 2 recd / 2 issued)","Rows added together — they are identical, so one may be a copy-paste"
Duplicate line,477600,ASE 80 Lift & Slide + CW,"Apartment 603, Kempinski Residences",row 759; row 785,"the same article, system and holding appears on 2 rows (25 recd / 25 issued, 96 recd / 2 issued)",Rows added together
Duplicate line,503040,ASE 80 Lift & Slide + CW,"Apartment 603, Kempinski Residences",row 775; row 777,"the same article, system and holding appears on 2 rows (6 recd / 6 issued, 2 recd / 2 issued)",Rows added together
Duplicate line,542100,"70PD & 90HI, 35PD CW - 7pcs","Villa D58, Flame Tree Ridge A",row 1111; row 1113,"the same article, system and holding appears on 2 rows (0 recd / 8 issued, 0 recd / 2 issued)",Rows added together
Duplicate line,542100,AS FD 90 HI,"Villa 24, Street 4, Savannah A",row 916; row 918,"the same article, system and holding appears on 2 rows (4 recd / 3 issued, 2 recd / 1 issued)",Rows added together
Duplicate line,542370,AS FD 90 HI,"Villa 24, Street 4, Savannah A",row 919; row 921,"the same article, system and holding appears on 2 rows (2 recd / 1 issued, 2 recd / 1 issued)","Rows added together — they are identical, so one may be a copy-paste"
Duplicate line,542380,"70PD & 90HI, 35PD CW - 7pcs","Villa D58, Flame Tree Ridge A",row 1114; row 1116,"the same article, system and holding appears on 2 rows (0 recd / 2 issued, 0 recd / 2 issued)","Rows added together — they are identical, so one may be a copy-paste"
Duplicate line,585000,ASE 54 PD,Stock,row 376; row 384; row 386; row 387; row 390; row 393,"the same article, system and holding appears on 6 rows (5 recd / 0 issued, 85 recd / 20 issued, 85 recd / 20 issued, 36 recd / 1 issued, 17 recd / 4 issued, 17 recd / 4 issued)",Rows added together
Duplicate line,585000,ASE 54 PD sliding doors,MWADOWS-09,row 1302; row 1304; row 1305,"the same article, system and holding appears on 3 rows (10 recd / 0 issued, 10 recd / 0 issued, 3 recd / 0 issued)",Rows added together
Duplicate line,585010,ASE 54 PD,Stock,row 377; row 385; row 388; row 391,"the same article, system and holding appears on 4 rows (5 recd / 0 issued, 86 recd / 20 issued, 36 recd / 1 issued, 17 recd / 4 issued)",Rows added together
Duplicate line,585010,ASE 54 PD sliding doors,MWADOWS-09,row 1303; row 1306,"the same article, system and holding appears on 2 rows (10 recd / 0 issued, 3 recd / 0 issued)",Rows added together
Duplicate line,585030,ASE 54 PD,Stock,row 363; row 364; row 365; row 366,"the same article, system and holding appears on 4 rows (63 recd / 15 issued, 63 recd / 15 issued, 32 recd / 2 issued, 30 recd / 2 issued)",Rows added together
Duplicate line,585030,ASE 54 PD sliding doors,MWADOWS-09,row 1280; row 1281; row 1282; row 1283,"the same article, system and holding appears on 4 rows (8 recd / 0 issued, 8 recd / 0 issued, 3 recd / 0 issued, 3 recd / 0 issued)",Rows added together
Duplicate line,585040,ASE 54 PD,Stock,row 368; row 369,"the same article, system and holding appears on 2 rows (30 recd / 8 issued, 34 recd / 8 issued)",Rows added together
Duplicate line,585040,ASE 54 PD sliding doors,MWADOWS-09,row 1287; row 1288,"the same article, system and holding appears on 2 rows (3 recd / 0 issued, 3 recd / 0 issued)","Rows added together — they are identical, so one may be a copy-paste"
Duplicate line,585140,ASE 54 PD,Stock,row 379; row 389,"the same article, system and holding appears on 2 rows (5 recd / 0 issued, 36 recd / 1 issued)",Rows added together
Duplicate line,585200,ASE 54 PD sliding doors,MWADOWS-09,row 1285; row 1286,"the same article, system and holding appears on 2 rows (0 recd / 0 issued, 0 recd / 0 issued)","Rows added together — they are identical, so one may be a copy-paste"
Duplicate line,585210,ASE 54 PD,Stock,row 378; row 392,"the same article, system and holding appears on 2 rows (5 recd / 0 issued, 17 recd / 4 issued)",Rows added together
Duplicate line,9626192,"70PD & 90HI, 35PD CW - 7pcs","Villa D58, Flame Tree Ridge A",row 1121; row 1123,"the same article, system and holding appears on 2 rows (0 recd / 3 issued, 0 recd / 3 issued)","Rows added together — they are identical, so one may be a copy-paste"
Duplicate line,9626192,ASE 70 (POCKET SLIDING),1361,row 563; row 566,"the same article, system and holding appears on 2 rows (3 recd / 3 issued, 3 recd / 3 issued)","Rows added together — they are identical, so one may be a copy-paste"
Duplicate line,9626192,ASE 70 PD.ME,Stock,row 195; row 197; row 203; row 206,"the same article, system and holding appears on 4 rows (63 recd / 0 issued, 63 recd / 0 issued, 11 recd / 0 issued, 11 recd / 0 issued)",Rows added together
Duplicate line,9626193,ASE 70 (POCKET SLIDING),1361,row 564; row 565,"the same article, system and holding appears on 2 rows (3 recd / 3 issued, 3 recd / 3 issued)","Rows added together — they are identical, so one may be a copy-paste"
Duplicate line,9626193,ASE 70 PD.ME,Stock,row 196; row 204; row 205,"the same article, system and holding appears on 3 rows (63 recd / 0 issued, 11 recd / 0 issued, 1 recd / 0 issued)",Rows added together
Duplicate line,9626195,"70PD & 90HI, 35PD CW - 7pcs","Villa D58, Flame Tree Ridge A",row 1124; row 1126,"the same article, system and holding appears on 2 rows (4 recd / 4 issued, 4 recd / 4 issued)","Rows added together — they are identical, so one may be a copy-paste"
Duplicate line,9626195,ASE 70 (POCKET SLIDING),1361,row 556; row 559,"the same article, system and holding appears on 2 rows (5 recd / 5 issued, 5 recd / 5 issued)","Rows added together — they are identical, so one may be a copy-paste"
Duplicate line,9626195,ASE 70 PD.ME,Stock,row 198; row 200; row 207; row 210,"the same article, system and holding appears on 4 rows (39 recd / 0 issued, 32 recd / 0 issued, 6 recd / 0 issued, 6 recd / 0 issued)",Rows added together
Duplicate line,9626196,ASE 70 (POCKET SLIDING),1361,row 557; row 558,"the same article, system and holding appears on 2 rows (5 recd / 5 issued, 5 recd / 5 issued)","Rows added together — they are identical, so one may be a copy-paste"
Duplicate line,9626196,ASE 70 PD.ME,Stock,row 199; row 208; row 209,"the same article, system and holding appears on 3 rows (34 recd / 0 issued, 6 recd / 0 issued, 6 recd / 0 issued)",Rows added together
Duplicate line,9626201,"70PD & 90HI, 35PD CW - 7pcs","Villa D58, Flame Tree Ridge A",row 1127; row 1128,"the same article, system and holding appears on 2 rows (2 recd / 2 issued, 2 recd / 2 issued)","Rows added together — they are identical, so one may be a copy-paste"
Duplicate line,9626201,ASE 70 PD.ME,Stock,row 201; row 202,"the same article, system and holding appears on 2 rows (19 recd / 0 issued, 19 recd / 0 issued)","Rows added together — they are identical, so one may be a copy-paste"
Duplicate line,9638547,ASE 36,Stock,row 470; row 471; row 474; row 476,"the same article, system and holding appears on 4 rows (22 recd / 20 issued, 22 recd / 20 issued, 5 recd / 4 issued, 5 recd / 4 issued)",Rows added together
Duplicate line,9638547,ASE 36 (BALANCE),"Villa 80 - ST3, Esmeralda – A",row 1007; row 1008,"the same article, system and holding appears on 2 rows (0 recd / 0 issued, 0 recd / 0 issued)","Rows added together — they are identical, so one may be a copy-paste"
Duplicate line,9638549,ASE 36,Stock,row 472; row 473; row 477; row 479,"the same article, system and holding appears on 4 rows (8 recd / 7 issued, 8 recd / 7 issued, 3 recd / 2 issued, 3 recd / 2 issued)",Rows added together
Duplicate line,9638549,ASE 36 (BALANCE),"Villa 80 - ST3, Esmeralda – A",row 1009; row 1010,"the same article, system and holding appears on 2 rows (0 recd / 0 issued, 0 recd / 0 issued)","Rows added together — they are identical, so one may be a copy-paste"
Duplicate line,9638553,ASE 36,Stock,row 466; row 468; row 469,"the same article, system and holding appears on 3 rows (9 recd / 9 issued, 24 recd / 24 issued, 24 recd / 24 issued)",Rows added together
Duplicate line,9638553,ASE 36 (BALANCE),"Villa 80 - ST3, Esmeralda – A",row 1003; row 1005; row 1006,"the same article, system and holding appears on 3 rows (2 recd / 0 issued, 6 recd / 0 issued, 6 recd / 0 issued)",Rows added together
Duplicate line,9638559,ASE 36 (BALANCE),"Villa 80 - ST3, Esmeralda – A",row 1011; row 1012,"the same article, system and holding appears on 2 rows (1 recd / 1 issued, 1 recd / 1 issued)","Rows added together — they are identical, so one may be a copy-paste"
Duplicate line,9638561,ASE 36 (BALANCE),"Villa 80 - ST3, Esmeralda – A",row 1013; row 1014,"the same article, system and holding appears on 2 rows (1 recd / 1 issued, 1 recd / 1 issued)","Rows added together — they are identical, so one may be a copy-paste"
Duplicate line,9643167,"70PD & 90HI, 35PD CW - 7pcs","Villa D58, Flame Tree Ridge A",row 1129; row 1131; row 1150,"the same article, system and holding appears on 3 rows (2 recd / 2 issued, 2 recd / 2 issued, 2 recd / 2 issued)","Rows added together — they are identical, so one may be a copy-paste"
Duplicate line,9643167,ASE 70 PD.ME,Stock,row 223; row 226,"the same article, system and holding appears on 2 rows (32 recd / 0 issued, 6 recd / 0 issued)",Rows added together
Duplicate line,9643168,"70PD & 90HI, 35PD CW - 7pcs","Villa D58, Flame Tree Ridge A",row 1130; row 1151,"the same article, system and holding appears on 2 rows (2 recd / 2 issued, 2 recd / 2 issued)","Rows added together — they are identical, so one may be a copy-paste"
Duplicate line,9643168,ASE 70 (POCKET SLIDING),1361,row 561; row 562,"the same article, system and holding appears on 2 rows (3 recd / 3 issued, 3 recd / 3 issued)","Rows added together — they are identical, so one may be a copy-paste"
Duplicate line,9643168,ASE 70 PD.ME,Stock,row 224; row 227; row 228,"the same article, system and holding appears on 3 rows (34 recd / 0 issued, 6 recd / 0 issued, 6 recd / 0 issued)",Rows added together
Duplicate line,9643171,"70PD & 90HI, 35PD CW - 7pcs","Villa D58, Flame Tree Ridge A",row 1132; row 1134,"the same article, system and holding appears on 2 rows (3 recd / 3 issued, 3 recd / 3 issued)","Rows added together — they are identical, so one may be a copy-paste"
Duplicate line,9643171,ASE 70 PD.ME,Stock,row 211; row 213,"the same article, system and holding appears on 2 rows (13 recd / 0 issued, 13 recd / 0 issued)","Rows added together — they are identical, so one may be a copy-paste"
Duplicate line,9643174,"70PD & 90HI, 35PD CW - 7pcs","Villa D58, Flame Tree Ridge A",row 1135; row 1136,"the same article, system and holding appears on 2 rows (3 recd / 3 issued, 3 recd / 3 issued)","Rows added together — they are identical, so one may be a copy-paste"
Duplicate line,9643174,ASE 70 (POCKET SLIDING),1361,row 547; row 548,"the same article, system and holding appears on 2 rows (2 recd / 2 issued, 2 recd / 2 issued)","Rows added together — they are identical, so one may be a copy-paste"
Duplicate line,9643174,ASE 70 PD.ME,Stock,row 214; row 215,"the same article, system and holding appears on 2 rows (22 recd / 0 issued, 27 recd / 0 issued)",Rows added together
Duplicate line,9643176,"70PD & 90HI, 35PD CW - 7pcs","Villa D58, Flame Tree Ridge A",row 1137; row 1138; row 1139,"the same article, system and holding appears on 3 rows (0 recd / 2 issued, 0 recd / 2 issued, 0 recd / 6 issued)",Rows added together
Duplicate line,9643180,"70PD & 90HI, 35PD CW - 7pcs","Villa D58, Flame Tree Ridge A",row 1141; row 1143,"the same article, system and holding appears on 2 rows (1 recd / 1 issued, 1 recd / 1 issued)","Rows added together — they are identical, so one may be a copy-paste"
Duplicate line,9643180,ASE 70 (POCKET SLIDING),1361,row 544; row 546,"the same article, system and holding appears on 2 rows (2 recd / 2 issued, 2 recd / 2 issued)","Rows added together — they are identical, so one may be a copy-paste"
Duplicate line,9643180,ASE 70 PD.ME,Stock,row 218; row 220,"the same article, system and holding appears on 2 rows (15 recd / 0 issued, 15 recd / 0 issued)","Rows added together — they are identical, so one may be a copy-paste"
Duplicate line,9644717,"70PD & 90HI, 35PD CW - 7pcs","Villa D58, Flame Tree Ridge A",row 1148; row 1149,"the same article, system and holding appears on 2 rows (2 recd / 2 issued, 2 recd / 2 issued)","Rows added together — they are identical, so one may be a copy-paste"
Duplicate line,9644717,ASE 70 (POCKET SLIDING),1361,row 551; row 552,"the same article, system and holding appears on 2 rows (3 recd / 3 issued, 3 recd / 3 issued)","Rows added together — they are identical, so one may be a copy-paste"
Duplicate line,9644717,ASE 70 PD.ME,Stock,row 221; row 222,"the same article, system and holding appears on 2 rows (20 recd / 0 issued, 19 recd / 0 issued)",Rows added together
Duplicate line,9645362,ASE 70 PD.ME,Stock,row 225; row 229,"the same article, system and holding appears on 2 rows (32 recd / 0 issued, 7 recd / 0 issued)",Rows added together
Issued before the delivery was booked in,201399,"70PD & 90HI, 35PD CW - 7pcs","Villa D58, Flame Tree Ridge A",row 1154,"2 issued but only 0 booked in against a delivery note, with 2 still shown as ordered","Balance -2, 2 on order — book the delivery note in to clear it"
Issued before the delivery was booked in,203102,"70PD & 90HI, 35PD CW - 7pcs","Villa D58, Flame Tree Ridge A",row 1185,"300 issued but only 0 booked in against a delivery note, with 300 still shown as ordered","Balance -300, 300 on order — book the delivery note in to clear it"
Issued before the delivery was booked in,205080,"70PD & 90HI, 35PD CW - 7pcs","Villa D58, Flame Tree Ridge A",row 1187,"60 issued but only 0 booked in against a delivery note, with 100 still shown as ordered","Balance -60, 100 on order — book the delivery note in to clear it"
Issued before the delivery was booked in,205081,ADS / AWS 65,Stock,row 140,"19 issued but only 0 booked in against a delivery note, with 500 still shown as ordered","Balance -19, 500 on order — book the delivery note in to clear it"
Issued before the delivery was booked in,205082,"70PD & 90HI, 35PD CW - 7pcs","Villa D58, Flame Tree Ridge A",row 1189,"4 issued but only 0 booked in against a delivery note, with 100 still shown as ordered","Balance -4, 100 on order — book the delivery note in to clear it"
Issued before the delivery was booked in,205082,ASE 54 PD,Stock,row 432,"204 issued but only 0 booked in against a delivery note, with 300 still shown as ordered","Balance -204, 300 on order — book the delivery note in to clear it"
Issued before the delivery was booked in,205292,"70PD & 90HI, 35PD CW - 7pcs","Villa D58, Flame Tree Ridge A",row 1190,"96 issued but only 0 booked in against a delivery note, with 100 still shown as ordered","Balance -96, 100 on order — book the delivery note in to clear it"
Issued before the delivery was booked in,205390,"70PD & 90HI, 35PD CW - 7pcs","Villa D58, Flame Tree Ridge A",row 1191,"96 issued but only 0 booked in against a delivery note, with 100 still shown as ordered","Balance -96, 100 on order — book the delivery note in to clear it"
Issued before the delivery was booked in,205430,"70PD & 90HI, 35PD CW - 7pcs","Villa D58, Flame Tree Ridge A",row 1192,"16 issued but only 0 booked in against a delivery note, with 100 still shown as ordered","Balance -16, 100 on order — book the delivery note in to clear it"
Issued before the delivery was booked in,205440,ASE 54 PD,Stock,row 412,"100 issued but only 0 booked in against a delivery note, with 1000 still shown as ordered","Balance -100, 1000 on order — book the delivery note in to clear it"
Issued before the delivery was booked in,205478,"70PD & 90HI, 35PD CW - 7pcs","Villa D58, Flame Tree Ridge A",row 1194,"16 issued but only 0 booked in against a delivery note, with 100 still shown as ordered","Balance -16, 100 on order — book the delivery note in to clear it"
Issued before the delivery was booked in,205478,ASE 54 PD,Stock,row 406,"152 issued but only 0 booked in against a delivery note, with 300 still shown as ordered","Balance -152, 300 on order — book the delivery note in to clear it"
Issued before the delivery was booked in,205827,"70PD & 90HI, 35PD CW - 7pcs","Villa D58, Flame Tree Ridge A",row 1195,"8 issued but only 0 booked in against a delivery note, with 100 still shown as ordered","Balance -8, 100 on order — book the delivery note in to clear it"
Issued before the delivery was booked in,216294,ADS / AWS 65,Stock,row 146,"28 issued but only 0 booked in against a delivery note, with 300 still shown as ordered","Balance -28, 300 on order — book the delivery note in to clear it"
Issued before the delivery was booked in,218157,"70PD & 90HI, 35PD CW - 7pcs","Villa D58, Flame Tree Ridge A",row 1198,"200 issued but only 0 booked in against a delivery note, with 200 still shown as ordered","Balance -200, 200 on order — book the delivery note in to clear it"
Issued before the delivery was booked in,218158,ADS / AWS 65,Stock,row 156,"40 issued but only 0 booked in against a delivery note, with 1200 still shown as ordered","Balance -40, 1200 on order — book the delivery note in to clear it"
Issued before the delivery was booked in,218158,ASE 54 PD,Stock,row 414,"292 issued but only 0 booked in against a delivery note, with 1000 still shown as ordered","Balance -292, 1000 on order — book the delivery note in to clear it"
Issued before the delivery was booked in,218168,ASE 54 PD,Stock,row 427,"158 issued but only 0 booked in against a delivery note, with 300 still shown as ordered","Balance -158, 300 on order — book the delivery note in to clear it"
Issued before the delivery was booked in,218170,"70PD & 90HI, 35PD CW - 7pcs","Villa D58, Flame Tree Ridge A",row 1199,"32 issued but only 0 booked in against a delivery note, with 100 still shown as ordered","Balance -32, 100 on order — book the delivery note in to clear it"
Issued before the delivery was booked in,224063,"70PD & 90HI, 35PD CW - 7pcs","Villa D58, Flame Tree Ridge A",row 1239,"220 issued but only 0 booked in against a delivery note, with 200 still shown as ordered","Balance -220, 200 on order — book the delivery note in to clear it"
Issued before the delivery was booked in,224073,"70PD & 90HI, 35PD CW - 7pcs","Villa D58, Flame Tree Ridge A",row 1258,"58 issued but only 0 booked in against a delivery note, with 58 still shown as ordered","Balance -58, 58 on order — book the delivery note in to clear it"
Issued before the delivery was booked in,224350,"70PD & 90HI, 35PD CW - 7pcs","Villa D58, Flame Tree Ridge A",row 1240,"260 issued but only 0 booked in against a delivery note, with 400 still shown as ordered","Balance -260, 400 on order — book the delivery note in to clear it"
Issued before the delivery was booked in,224683,ASE 36 (BALANCE),"Villa 80 - ST3, Esmeralda – A",row 1027,"35 issued but only 0 booked in against a delivery note, with 200 still shown as ordered","Balance -35, 200 on order — book the delivery note in to clear it"
Issued before the delivery was booked in,224690,"70PD & 90HI, 35PD CW - 7pcs","Villa D58, Flame Tree Ridge A",row 1155,"20 issued but only 0 booked in against a delivery note, with 40 still shown as ordered","Balance -20, 40 on order — book the delivery note in to clear it"
Issued before the delivery was booked in,225015,"70PD & 90HI, 35PD CW - 7pcs","Villa D58, Flame Tree Ridge A",row 1165,"24 issued but only 0 booked in against a delivery note, with 100 still shown as ordered","Balance -24, 100 on order — book the delivery note in to clear it"
Issued before the delivery was booked in,225089,"70PD & 90HI, 35PD CW - 7pcs","Villa D58, Flame Tree Ridge A",row 1200,"56 issued but only 0 booked in against a delivery note, with 100 still shown as ordered","Balance -56, 100 on order — book the delivery note in to clear it"
Issued before the delivery was booked in,225116,"70PD & 90HI, 35PD CW - 7pcs","Villa D58, Flame Tree Ridge A",row 1201,"64 issued but only 0 booked in against a delivery note, with 100 still shown as ordered","Balance -64, 100 on order — book the delivery note in to clear it"
Issued before the delivery was booked in,225198,"70PD & 90HI, 35PD CW - 7pcs","Villa D58, Flame Tree Ridge A",row 1202,"60 issued but only 0 booked in against a delivery note, with 100 still shown as ordered","Balance -60, 100 on order — book the delivery note in to clear it"
Issued before the delivery was booked in,225270,ASE 54 PD,Stock,row 426,"126 issued but only 100 booked in against a delivery note, with 100 still shown as ordered","Balance -26, 100 on order — book the delivery note in to clear it"
Issued before the delivery was booked in,225273,"70PD & 90HI, 35PD CW - 7pcs","Villa D58, Flame Tree Ridge A",row 1203,"60 issued but only 0 booked in against a delivery note, with 100 still shown as ordered","Balance -60, 100 on order — book the delivery note in to clear it"
Issued before the delivery was booked in,225299,"70PD & 90HI, 35PD CW - 7pcs","Villa D58, Flame Tree Ridge A",row 1204,"60 issued but only 0 booked in against a delivery note, with 100 still shown as ordered","Balance -60, 100 on order — book the delivery note in to clear it"
Issued before the delivery was booked in,225351,MTO for 54 PD stock,Rasha + 606+Mea 9 miss access,row 1273,"200 issued but only 0 booked in against a delivery note, with 200 still shown as ordered","Balance -200, 200 on order — book the delivery note in to clear it"
Issued before the delivery was booked in,225410,"70PD & 90HI, 35PD CW - 7pcs","Villa D58, Flame Tree Ridge A",row 1205,"1 issued but only 0 booked in against a delivery note, with 1 still shown as ordered","Balance -1, 1 on order — book the delivery note in to clear it"
Issued before the delivery was booked in,225412,"70PD & 90HI, 35PD CW - 7pcs","Villa D58, Flame Tree Ridge A",row 1206,"4 issued but only 0 booked in against a delivery note, with 4 still shown as ordered","Balance -4, 4 on order — book the delivery note in to clear it"
Issued before the delivery was booked in,225413,"70PD & 90HI, 35PD CW - 7pcs","Villa D58, Flame Tree Ridge A",row 1207,"1 issued but only 0 booked in against a delivery note, with 1 still shown as ordered","Balance -1, 1 on order — book the delivery note in to clear it"
Issued before the delivery was booked in,225463,"70PD & 90HI, 35PD CW - 7pcs","Villa D58, Flame Tree Ridge A",row 1241,"20 issued but only 0 booked in against a delivery note, with 20 still shown as ordered","Balance -20, 20 on order — book the delivery note in to clear it"
Issued before the delivery was booked in,225465,"70PD & 90HI, 35PD CW - 7pcs","Villa D58, Flame Tree Ridge A",row 1208,"2 issued but only 0 booked in against a delivery note, with 2 still shown as ordered","Balance -2, 2 on order — book the delivery note in to clear it"
Issued before the delivery was booked in,225479,"70PD & 90HI, 35PD CW - 7pcs","Villa D58, Flame Tree Ridge A",row 1209,"1 issued but only 0 booked in against a delivery note, with 1 still shown as ordered","Balance -1, 1 on order — book the delivery note in to clear it"
Issued before the delivery was booked in,225480,"70PD & 90HI, 35PD CW - 7pcs","Villa D58, Flame Tree Ridge A",row 1210,"1 issued but only 0 booked in against a delivery note, with 1 still shown as ordered","Balance -1, 1 on order — book the delivery note in to clear it"
Issued before the delivery was booked in,225801,"70PD & 90HI, 35PD CW - 7pcs","Villa D58, Flame Tree Ridge A",row 1166,"2 issued but only 0 booked in against a delivery note, with 2 still shown as ordered","Balance -2, 2 on order — book the delivery note in to clear it"
Issued before the delivery was booked in,225807,"70PD & 90HI, 35PD CW - 7pcs","Villa D58, Flame Tree Ridge A",row 1167,"1 issued but only 0 booked in against a delivery note, with 1 still shown as ordered","Balance -1, 1 on order — book the delivery note in to clear it"
Issued before the delivery was booked in,225808,"70PD & 90HI, 35PD CW - 7pcs","Villa D58, Flame Tree Ridge A",row 1168,"1 issued but only 0 booked in against a delivery note, with 1 still shown as ordered","Balance -1, 1 on order — book the delivery note in to clear it"
Issued before the delivery was booked in,225891,"70PD & 90HI, 35PD CW - 7pcs","Villa D58, Flame Tree Ridge A",row 1211,"60 issued but only 0 booked in against a delivery note, with 60 still shown as ordered","Balance -60, 60 on order — book the delivery note in to clear it"
Issued before the delivery was booked in,225901,"70PD & 90HI, 35PD CW - 7pcs","Villa D58, Flame Tree Ridge A",row 1169,"2 issued but only 0 booked in against a delivery note, with 2 still shown as ordered","Balance -2, 2 on order — book the delivery note in to clear it"
Issued before the delivery was booked in,225908,"70PD & 90HI, 35PD CW - 7pcs","Villa D58, Flame Tree Ridge A",row 1170,"2 issued but only 0 booked in against a delivery note, with 2 still shown as ordered","Balance -2, 2 on order — book the delivery note in to clear it"
Issued before the delivery was booked in,225943,"70PD & 90HI, 35PD CW - 7pcs","Villa D58, Flame Tree Ridge A",row 1171,"4 issued but only 0 booked in against a delivery note, with 4 still shown as ordered","Balance -4, 4 on order — book the delivery note in to clear it"
Issued before the delivery was booked in,225945,"70PD & 90HI, 35PD CW - 7pcs","Villa D58, Flame Tree Ridge A",row 1212,"8 issued but only 0 booked in against a delivery note, with 8 still shown as ordered","Balance -8, 8 on order — book the delivery note in to clear it"
Issued before the delivery was booked in,227018,"70PD & 90HI, 35PD CW - 7pcs","Villa D58, Flame Tree Ridge A",row 1215,"24 issued but only 0 booked in against a delivery note, with 100 still shown as ordered","Balance -24, 100 on order — book the delivery note in to clear it"
Issued before the delivery was booked in,236528,ADS / AWS 65,Stock,row 174,"4 issued but only 0 booked in against a delivery note, with 24 still shown as ordered","Balance -4, 24 on order — book the delivery note in to clear it"
Issued before the delivery was booked in,236535,ADS / AWS 65,Stock,row 175,"4 issued but only 0 booked in against a delivery note, with 44 still shown as ordered","Balance -4, 44 on order — book the delivery note in to clear it"
Issued before the delivery was booked in,236553,ADS / AWS 65,Stock,row 177,"4 issued but only 0 booked in against a delivery note, with 100 still shown as ordered","Balance -4, 100 on order — book the delivery note in to clear it"
Issued before the delivery was booked in,238440,ADS / AWS 65,Stock,row 179,"12 issued but only 4 booked in against a delivery note, with 149 still shown as ordered","Balance -8, 149 on order — book the delivery note in to clear it"
Issued before the delivery was booked in,238441,ADS / AWS 65,Stock,row 180,"2 issued but only 0 booked in against a delivery note, with 5 still shown as ordered","Balance -2, 5 on order — book the delivery note in to clear it"
Issued before the delivery was booked in,239591,ADS / AWS 65,Stock,row 70,"36 issued but only 6 booked in against a delivery note, with 54 still shown as ordered","Balance -30, 54 on order — book the delivery note in to clear it"
Issued before the delivery was booked in,239594,ADS / AWS 65,Stock,row 68,"3 issued but only 0 booked in against a delivery note, with 30 still shown as ordered","Balance -3, 30 on order — book the delivery note in to clear it"
Issued before the delivery was booked in,239612,ADS / AWS 65,Stock,row 72,"48 issued but only 0 booked in against a delivery note, with 192 still shown as ordered","Balance -48, 192 on order — book the delivery note in to clear it"
Issued before the delivery was booked in,239615,ADS / AWS 65,Stock,row 74,"78 issued but only 0 booked in against a delivery note, with 360 still shown as ordered","Balance -78, 360 on order — book the delivery note in to clear it"
Issued before the delivery was booked in,240784,"70PD & 90HI, 35PD CW - 7pcs","Villa D58, Flame Tree Ridge A",row 1219,"4 issued but only 0 booked in against a delivery note, with 4 still shown as ordered","Balance -4, 4 on order — book the delivery note in to clear it"
Issued before the delivery was booked in,240786,"70PD & 90HI, 35PD CW - 7pcs","Villa D58, Flame Tree Ridge A",row 1220,"2 issued but only 0 booked in against a delivery note, with 2 still shown as ordered","Balance -2, 2 on order — book the delivery note in to clear it"
Issued before the delivery was booked in,240787,"70PD & 90HI, 35PD CW - 7pcs","Villa D58, Flame Tree Ridge A",row 1221,"2 issued but only 0 booked in against a delivery note, with 2 still shown as ordered","Balance -2, 2 on order — book the delivery note in to clear it"
Issued before the delivery was booked in,240791,"70PD & 90HI, 35PD CW - 7pcs","Villa D58, Flame Tree Ridge A",row 1172,"2 issued but only 0 booked in against a delivery note, with 2 still shown as ordered","Balance -2, 2 on order — book the delivery note in to clear it"
Issued before the delivery was booked in,240794,"70PD & 90HI, 35PD CW - 7pcs","Villa D58, Flame Tree Ridge A",row 1173,"2 issued but only 0 booked in against a delivery note, with 2 still shown as ordered","Balance -2, 2 on order — book the delivery note in to clear it"
Issued before the delivery was booked in,240802,"70PD & 90HI, 35PD CW - 7pcs","Villa D58, Flame Tree Ridge A",row 1174,"4 issued but only 0 booked in against a delivery note, with 4 still shown as ordered","Balance -4, 4 on order — book the delivery note in to clear it"
Issued before the delivery was booked in,240866,ADS / AWS 65,Stock,row 83,"10 issued but only 0 booked in against a delivery note, with 154 still shown as ordered","Balance -10, 154 on order — book the delivery note in to clear it"
Issued before the delivery was booked in,240908,"70PD & 90HI, 35PD CW - 7pcs","Villa D58, Flame Tree Ridge A",row 1175,"2 issued but only 0 booked in against a delivery note, with 2 still shown as ordered","Balance -2, 2 on order — book the delivery note in to clear it"
Issued before the delivery was booked in,240909,"70PD & 90HI, 35PD CW - 7pcs","Villa D58, Flame Tree Ridge A",row 1176,"2 issued but only 0 booked in against a delivery note, with 2 still shown as ordered","Balance -2, 2 on order — book the delivery note in to clear it"
Issued before the delivery was booked in,241003,ADS / AWS 65,Stock,row 84,"11 issued but only 0 booked in against a delivery note, with 154 still shown as ordered","Balance -11, 154 on order — book the delivery note in to clear it"
Issued before the delivery was booked in,242500,ADS / AWS 65,Stock,row 182,"8 issued but only 0 booked in against a delivery note, with 100 still shown as ordered","Balance -8, 100 on order — book the delivery note in to clear it"
Issued before the delivery was booked in,242662,ADS / AWS 65,Stock,row 184,"2 issued but only 0 booked in against a delivery note, with 10 still shown as ordered","Balance -2, 10 on order — book the delivery note in to clear it"
Issued before the delivery was booked in,242693,ADS / AWS 65,Stock,row 185,"2 issued but only 0 booked in against a delivery note, with 10 still shown as ordered","Balance -2, 10 on order — book the delivery note in to clear it"
Issued before the delivery was booked in,244058,"70PD & 90HI, 35PD CW - 7pcs","Villa D58, Flame Tree Ridge A",row 1242,"70 issued but only 0 booked in against a delivery note, with 200 still shown as ordered","Balance -70, 200 on order — book the delivery note in to clear it"
Issued before the delivery was booked in,244173,"70PD & 90HI, 35PD CW - 7pcs","Villa D58, Flame Tree Ridge A",row 1238,"15 issued but only 0 booked in against a delivery note, with 200 still shown as ordered","Balance -15, 200 on order — book the delivery note in to clear it"
Issued before the delivery was booked in,244202,ASE 54 PD,Stock,row 405,"100 issued but only 0 booked in against a delivery note, with 2100 still shown as ordered","Balance -100, 2100 on order — book the delivery note in to clear it"
Issued before the delivery was booked in,244293,"70PD & 90HI, 35PD CW - 7pcs","Villa D58, Flame Tree Ridge A",row 1243,"5 issued but only 0 booked in against a delivery note, with 100 still shown as ordered","Balance -5, 100 on order — book the delivery note in to clear it"
Issued before the delivery was booked in,244512,"70PD & 90HI, 35PD CW - 7pcs","Villa D58, Flame Tree Ridge A",row 1244,"10 issued but only 0 booked in against a delivery note, with 200 still shown as ordered","Balance -10, 200 on order — book the delivery note in to clear it"
Issued before the delivery was booked in,244804,"70PD & 90HI, 35PD CW - 7pcs","Villa D58, Flame Tree Ridge A",row 1157,"2 issued but only 0 booked in against a delivery note, with 10 still shown as ordered","Balance -2, 10 on order — book the delivery note in to clear it"
Issued before the delivery was booked in,245539,"70PD & 90HI, 35PD CW - 7pcs","Villa D58, Flame Tree Ridge A",row 1255,"12 issued but only 0 booked in against a delivery note, with 12 still shown as ordered","Balance -12, 12 on order — book the delivery note in to clear it"
Issued before the delivery was booked in,245557,"70PD & 90HI, 35PD CW - 7pcs","Villa D58, Flame Tree Ridge A",row 1158,"1 issued but only 0 booked in against a delivery note, with 1 still shown as ordered","Balance -1, 1 on order — book the delivery note in to clear it"
Issued before the delivery was booked in,245581,"70PD & 90HI, 35PD CW - 7pcs","Villa D58, Flame Tree Ridge A",row 1254,"2 issued but only 0 booked in against a delivery note, with 2 still shown as ordered","Balance -2, 2 on order — book the delivery note in to clear it"
Issued before the delivery was booked in,245592,"70PD & 90HI, 35PD CW - 7pcs","Villa D58, Flame Tree Ridge A",row 1159,"2 issued but only 0 booked in against a delivery note, with 2 still shown as ordered","Balance -2, 2 on order — book the delivery note in to clear it"
Issued before the delivery was booked in,245599,"70PD & 90HI, 35PD CW - 7pcs","Villa D58, Flame Tree Ridge A",row 1160,"1 issued but only 0 booked in against a delivery note, with 1 still shown as ordered","Balance -1, 1 on order — book the delivery note in to clear it"
Issued before the delivery was booked in,245660,"70PD & 90HI, 35PD CW - 7pcs","Villa D58, Flame Tree Ridge A",row 1161,"2 issued but only 0 booked in against a delivery note, with 2 still shown as ordered","Balance -2, 2 on order — book the delivery note in to clear it"
Issued before the delivery was booked in,245665,"70PD & 90HI, 35PD CW - 7pcs","Villa D58, Flame Tree Ridge A",row 1251,"4 issued but only 0 booked in against a delivery note, with 4 still shown as ordered","Balance -4, 4 on order — book the delivery note in to clear it"
Issued before the delivery was booked in,245686,"70PD & 90HI, 35PD CW - 7pcs","Villa D58, Flame Tree Ridge A",row 1162,"2 issued but only 0 booked in against a delivery note, with 2 still shown as ordered","Balance -2, 2 on order — book the delivery note in to clear it"
Issued before the delivery was booked in,245687,"70PD & 90HI, 35PD CW - 7pcs","Villa D58, Flame Tree Ridge A",row 1256,"2 issued but only 0 booked in against a delivery note, with 2 still shown as ordered","Balance -2, 2 on order — book the delivery note in to clear it"
Issued before the delivery was booked in,245701,"70PD & 90HI, 35PD CW - 7pcs","Villa D58, Flame Tree Ridge A",row 1245,"10 issued but only 0 booked in against a delivery note, with 20 still shown as ordered","Balance -10, 20 on order — book the delivery note in to clear it"
Issued before the delivery was booked in,245702,"70PD & 90HI, 35PD CW - 7pcs","Villa D58, Flame Tree Ridge A",row 1246,"84 issued but only 0 booked in against a delivery note, with 84 still shown as ordered","Balance -84, 84 on order — book the delivery note in to clear it"
Issued before the delivery was booked in,245703,"70PD & 90HI, 35PD CW - 7pcs","Villa D58, Flame Tree Ridge A",row 1247,"10 issued but only 0 booked in against a delivery note, with 40 still shown as ordered","Balance -10, 40 on order — book the delivery note in to clear it"
Issued before the delivery was booked in,245731,"70PD & 90HI, 35PD CW - 7pcs","Villa D58, Flame Tree Ridge A",row 1253,"14 issued but only 0 booked in against a delivery note, with 14 still shown as ordered","Balance -14, 14 on order — book the delivery note in to clear it"
Issued before the delivery was booked in,245732,"70PD & 90HI, 35PD CW - 7pcs","Villa D58, Flame Tree Ridge A",row 1222,"16 issued but only 0 booked in against a delivery note, with 16 still shown as ordered","Balance -16, 16 on order — book the delivery note in to clear it"
Issued before the delivery was booked in,245791,"70PD & 90HI, 35PD CW - 7pcs","Villa D58, Flame Tree Ridge A",row 1248,"21 issued but only 0 booked in against a delivery note, with 21 still shown as ordered","Balance -21, 21 on order — book the delivery note in to clear it"
Issued before the delivery was booked in,245887,"70PD & 90HI, 35PD CW - 7pcs","Villa D58, Flame Tree Ridge A",row 1163,"2 issued but only 0 booked in against a delivery note, with 2 still shown as ordered","Balance -2, 2 on order — book the delivery note in to clear it"
Issued before the delivery was booked in,246145,"70PD & 90HI, 35PD CW - 7pcs","Villa D58, Flame Tree Ridge A",row 1260,"20 issued but only 0 booked in against a delivery note, with 20 still shown as ordered","Balance -20, 20 on order — book the delivery note in to clear it"
Issued before the delivery was booked in,246696,"70PD & 90HI, 35PD CW - 7pcs","Villa D58, Flame Tree Ridge A",row 1223,"4 issued but only 0 booked in against a delivery note, with 20 still shown as ordered","Balance -4, 20 on order — book the delivery note in to clear it"
Issued before the delivery was booked in,247001,ADS / AWS 65,Stock,row 85,"3 issued but only 0 booked in against a delivery note, with 20 still shown as ordered","Balance -3, 20 on order — book the delivery note in to clear it"
Issued before the delivery was booked in,247083,ADS / AWS 65,Stock,row 88,"3 issued but only 0 booked in against a delivery note, with 50 still shown as ordered","Balance -3, 50 on order — book the delivery note in to clear it"
Issued before the delivery was booked in,254518,MTO for 54 PD stock,Rasha + 606+Mea 9 miss access,row 1272,"1 issued but only 0 booked in against a delivery note, with 50 still shown as ordered","Balance -1, 50 on order — book the delivery note in to clear it"
Issued before the delivery was booked in,254519,"70PD & 90HI, 35PD CW - 7pcs","Villa D58, Flame Tree Ridge A",row 1178,"9 issued but only 0 booked in against a delivery note, with 50 still shown as ordered","Balance -9, 50 on order — book the delivery note in to clear it"
Issued before the delivery was booked in,258355,ASE 54 PD,Stock,row 407,"14 issued but only 1 booked in against a delivery note, with 54 still shown as ordered","Balance -13, 54 on order — book the delivery note in to clear it"
Issued before the delivery was booked in,267990,"70PD & 90HI, 35PD CW - 7pcs","Villa D58, Flame Tree Ridge A",row 1249,"5 issued but only 0 booked in against a delivery note, with 30 still shown as ordered","Balance -5, 30 on order — book the delivery note in to clear it"
Issued before the delivery was booked in,267990,MTO for 54 PD stock,Rasha + 606+Mea 9 miss access,row 1268,"60 issued but only 0 booked in against a delivery note, with 60 still shown as ordered","Balance -60, 60 on order — book the delivery note in to clear it"
Issued before the delivery was booked in,268740,"70PD & 90HI, 35PD CW - 7pcs","Villa D58, Flame Tree Ridge A",row 1226,"2 issued but only 0 booked in against a delivery note, with 10 still shown as ordered","Balance -2, 10 on order — book the delivery note in to clear it"
Issued before the delivery was booked in,269191,"70PD & 90HI, 35PD CW - 7pcs","Villa D58, Flame Tree Ridge A",row 1179,"4 issued but only 0 booked in against a delivery note, with 4 still shown as ordered","Balance -4, 4 on order — book the delivery note in to clear it"
Issued before the delivery was booked in,269274,"70PD & 90HI, 35PD CW - 7pcs","Villa D58, Flame Tree Ridge A",row 1227,"88 issued but only 0 booked in against a delivery note, with 100 still shown as ordered","Balance -88, 100 on order — book the delivery note in to clear it"
Issued before the delivery was booked in,269368,"70PD & 90HI, 35PD CW - 7pcs","Villa D58, Flame Tree Ridge A",row 1181,"4 issued but only 0 booked in against a delivery note, with 4 still shown as ordered","Balance -4, 4 on order — book the delivery note in to clear it"
Issued before the delivery was booked in,275110,ADS / AWS 65,Stock,row 100,"6 issued but only 0 booked in against a delivery note, with 200 still shown as ordered","Balance -6, 200 on order — book the delivery note in to clear it"
Issued before the delivery was booked in,276692,ADS / AWS 65,Stock,row 107,"6 issued but only 0 booked in against a delivery note, with 150 still shown as ordered","Balance -6, 150 on order — book the delivery note in to clear it"
Issued before the delivery was booked in,276797,ASE 70 PD.ME,Stock,row 256,"11 issued but only 0 booked in against a delivery note, with 40 still shown as ordered","Balance -11, 40 on order — book the delivery note in to clear it"
Issued before the delivery was booked in,276879,"70PD & 90HI, 35PD CW - 7pcs","Villa D58, Flame Tree Ridge A",row 1182,"12 issued but only 0 booked in against a delivery note, with 12 still shown as ordered","Balance -12, 12 on order — book the delivery note in to clear it"
Issued before the delivery was booked in,277048,ADS / AWS 65,Stock,row 112,"14 issued but only 0 booked in against a delivery note, with 150 still shown as ordered","Balance -14, 150 on order — book the delivery note in to clear it"
Issued before the delivery was booked in,277180,ADS / AWS 65,Stock,row 113,"3 issued but only 0 booked in against a delivery note, with 50 still shown as ordered","Balance -3, 50 on order — book the delivery note in to clear it"
Issued before the delivery was booked in,278143,"70PD & 90HI, 35PD CW - 7pcs","Villa D58, Flame Tree Ridge A",row 1257,"2 issued but only 0 booked in against a delivery note, with 2 still shown as ordered","Balance -2, 2 on order — book the delivery note in to clear it"
Issued before the delivery was booked in,279290,ADS / AWS 65,Stock,row 125,"14 issued but only 0 booked in against a delivery note, with 154 still shown as ordered","Balance -14, 154 on order — book the delivery note in to clear it"
Issued before the delivery was booked in,279714,"70PD & 90HI, 35PD CW - 7pcs","Villa D58, Flame Tree Ridge A",row 1183,"20 issued but only 0 booked in against a delivery note, with 20 still shown as ordered","Balance -20, 20 on order — book the delivery note in to clear it"
Issued before the delivery was booked in,281679,"70PD & 90HI, 35PD CW - 7pcs","Villa D58, Flame Tree Ridge A",row 1228,"3 issued but only 0 booked in against a delivery note, with 10 still shown as ordered","Balance -3, 10 on order — book the delivery note in to clear it"
Issued before the delivery was booked in,284652,"70PD & 90HI, 35PD CW - 7pcs","Villa D58, Flame Tree Ridge A",row 1250,"10 issued but only 0 booked in against a delivery note, with 40 still shown as ordered","Balance -10, 40 on order — book the delivery note in to clear it"
Issued before the delivery was booked in,284763,"70PD & 90HI, 35PD CW - 7pcs","Villa D58, Flame Tree Ridge A",row 1252,"4 issued but only 0 booked in against a delivery note, with 4 still shown as ordered","Balance -4, 4 on order — book the delivery note in to clear it"
Issued before the delivery was booked in,288163,"70PD & 90HI, 35PD CW - 7pcs","Villa D58, Flame Tree Ridge A",row 1231,"72 issued but only 0 booked in against a delivery note, with 100 still shown as ordered","Balance -72, 100 on order — book the delivery note in to clear it"
Issued before the delivery was booked in,288180,"70PD & 90HI, 35PD CW - 7pcs","Villa D58, Flame Tree Ridge A",row 1232,"12 issued but only 0 booked in against a delivery note, with 12 still shown as ordered","Balance -12, 12 on order — book the delivery note in to clear it"
Issued before the delivery was booked in,288181,"70PD & 90HI, 35PD CW - 7pcs","Villa D58, Flame Tree Ridge A",row 1233,"12 issued but only 0 booked in against a delivery note, with 12 still shown as ordered","Balance -12, 12 on order — book the delivery note in to clear it"
Issued before the delivery was booked in,288320,MTO for 54 PD stock,Rasha + 606+Mea 9 miss access,row 1274,"28 issued but only 0 booked in against a delivery note, with 100 still shown as ordered","Balance -28, 100 on order — book the delivery note in to clear it"
Issued before the delivery was booked in,288346,MTO for 54 PD stock,Rasha + 606+Mea 9 miss access,row 1277,"14 issued but only 0 booked in against a delivery note, with 15 still shown as ordered","Balance -14, 15 on order — book the delivery note in to clear it"
Issued before the delivery was booked in,288614,"70PD & 90HI, 35PD CW - 7pcs","Villa D58, Flame Tree Ridge A",row 1234,"4 issued but only 0 booked in against a delivery note, with 100 still shown as ordered","Balance -4, 100 on order — book the delivery note in to clear it"
Issued before the delivery was booked in,291009,"70PD & 90HI, 35PD CW - 7pcs","Villa D58, Flame Tree Ridge A",row 1184,"304 issued but only 0 booked in against a delivery note, with 320 still shown as ordered","Balance -304, 320 on order — book the delivery note in to clear it"
Issued before the delivery was booked in,295903,ASE 54 PD,Stock,row 441,"14 issued but only 0 booked in against a delivery note, with 62 still shown as ordered","Balance -14, 62 on order — book the delivery note in to clear it"
Issued before the delivery was booked in,298195,"70PD & 90HI, 35PD CW - 7pcs","Villa D58, Flame Tree Ridge A",row 1236,"25 issued but only 0 booked in against a delivery note, with 60 still shown as ordered","Balance -25, 60 on order — book the delivery note in to clear it"
Issued before the delivery was booked in,298892,"70PD & 90HI, 35PD CW - 7pcs","Villa D58, Flame Tree Ridge A",row 1237,"156 issued but only 0 booked in against a delivery note, with 200 still shown as ordered","Balance -156, 200 on order — book the delivery note in to clear it"
Issued before the delivery was booked in,298900,ASE 54 PD,Stock,row 411,"5 issued but only 0 booked in against a delivery note, with 113 still shown as ordered","Balance -5, 113 on order — book the delivery note in to clear it"
Issued before the delivery was booked in,313230,AS FD 90 HI,"Villa 24, Street 4, Savannah A",row 928,"4 issued but only 0 booked in against a delivery note, with 5 still shown as ordered","Balance -4, 5 on order — book the delivery note in to clear it"
Issued before the delivery was booked in,484390,"70PD & 90HI, 35PD CW - 7pcs","Villa D58, Flame Tree Ridge A",row 1153,"3 issued but only 0 booked in against a delivery note, with 4 still shown as ordered","Balance -3, 4 on order — book the delivery note in to clear it"
Issued before the delivery was booked in,525440,"70PD & 90HI, 35PD CW - 7pcs","Villa D58, Flame Tree Ridge A",row 1109,"2 issued but only 0 booked in against a delivery note, with 2 still shown as ordered","Balance -2, 2 on order — book the delivery note in to clear it"
Issued before the delivery was booked in,525460,"70PD & 90HI, 35PD CW - 7pcs","Villa D58, Flame Tree Ridge A",row 1107,"2 issued but only 0 booked in against a delivery note, with 2 still shown as ordered","Balance -2, 2 on order — book the delivery note in to clear it"
Issued before the delivery was booked in,542020,"70PD & 90HI, 35PD CW - 7pcs","Villa D58, Flame Tree Ridge A",row 1110,"2 issued but only 0 booked in against a delivery note, with 2 still shown as ordered","Balance -2, 2 on order — book the delivery note in to clear it"
Issued before the delivery was booked in,542100,"70PD & 90HI, 35PD CW - 7pcs","Villa D58, Flame Tree Ridge A",row 1111; row 1113,"10 issued but only 0 booked in against a delivery note, with 10 still shown as ordered","Balance -10, 10 on order — book the delivery note in to clear it"
Issued before the delivery was booked in,542120,"70PD & 90HI, 35PD CW - 7pcs","Villa D58, Flame Tree Ridge A",row 1112,"8 issued but only 0 booked in against a delivery note, with 8 still shown as ordered","Balance -8, 8 on order — book the delivery note in to clear it"
Issued before the delivery was booked in,542380,"70PD & 90HI, 35PD CW - 7pcs","Villa D58, Flame Tree Ridge A",row 1114; row 1116,"4 issued but only 0 booked in against a delivery note, with 4 still shown as ordered","Balance -4, 4 on order — book the delivery note in to clear it"
Issued before the delivery was booked in,542980,"70PD & 90HI, 35PD CW - 7pcs","Villa D58, Flame Tree Ridge A",row 1108,"2 issued but only 0 booked in against a delivery note, with 2 still shown as ordered","Balance -2, 2 on order — book the delivery note in to clear it"
Issued before the delivery was booked in,555930,AS FD 90 HI,"Villa 24, Street 4, Savannah A",row 922,"1 issued but only 0 booked in against a delivery note, with 2 still shown as ordered","Balance -1, 2 on order — book the delivery note in to clear it"
Issued before the delivery was booked in,555940,AS FD 90 HI,"Villa 24, Street 4, Savannah A",row 923,"1 issued but only 0 booked in against a delivery note, with 2 still shown as ordered","Balance -1, 2 on order — book the delivery note in to clear it"
Issued before the delivery was booked in,576010,AS FD 90 HI,"Villa 24, Street 4, Savannah A",row 924,"1 issued but only 0 booked in against a delivery note, with 2 still shown as ordered","Balance -1, 2 on order — book the delivery note in to clear it"
Issued before the delivery was booked in,576030,AS FD 90 HI,"Villa 24, Street 4, Savannah A",row 925,"1 issued but only 0 booked in against a delivery note, with 2 still shown as ordered","Balance -1, 2 on order — book the delivery note in to clear it"
Issued before the delivery was booked in,576040,"70PD & 90HI, 35PD CW - 7pcs","Villa D58, Flame Tree Ridge A",row 1117,"2 issued but only 0 booked in against a delivery note, with 2 still shown as ordered","Balance -2, 2 on order — book the delivery note in to clear it"
Issued before the delivery was booked in,576040,AS FD 90 HI,"Villa 24, Street 4, Savannah A",row 912,"1 issued but only 0 booked in against a delivery note, with 2 still shown as ordered","Balance -1, 2 on order — book the delivery note in to clear it"
Issued before the delivery was booked in,576050,"70PD & 90HI, 35PD CW - 7pcs","Villa D58, Flame Tree Ridge A",row 1118,"2 issued but only 0 booked in against a delivery note, with 2 still shown as ordered","Balance -2, 2 on order — book the delivery note in to clear it"
Issued before the delivery was booked in,576050,AS FD 90 HI,"Villa 24, Street 4, Savannah A",row 913,"1 issued but only 0 booked in against a delivery note, with 2 still shown as ordered","Balance -1, 2 on order — book the delivery note in to clear it"
Issued before the delivery was booked in,576090,"70PD & 90HI, 35PD CW - 7pcs","Villa D58, Flame Tree Ridge A",row 1119,"2 issued but only 0 booked in against a delivery note, with 2 still shown as ordered","Balance -2, 2 on order — book the delivery note in to clear it"
Issued before the delivery was booked in,576090,AS FD 90 HI,"Villa 24, Street 4, Savannah A",row 926,"1 issued but only 0 booked in against a delivery note, with 2 still shown as ordered","Balance -1, 2 on order — book the delivery note in to clear it"
Issued before the delivery was booked in,576110,"70PD & 90HI, 35PD CW - 7pcs","Villa D58, Flame Tree Ridge A",row 1120,"2 issued but only 0 booked in against a delivery note, with 2 still shown as ordered","Balance -2, 2 on order — book the delivery note in to clear it"
Issued before the delivery was booked in,576110,AS FD 90 HI,"Villa 24, Street 4, Savannah A",row 927,"1 issued but only 0 booked in against a delivery note, with 2 still shown as ordered","Balance -1, 2 on order — book the delivery note in to clear it"
Issued before the delivery was booked in,584000,"70PD & 90HI, 35PD CW - 7pcs","Villa D58, Flame Tree Ridge A",row 1089,"2 issued but only 0 booked in against a delivery note, with 2 still shown as ordered","Balance -2, 2 on order — book the delivery note in to clear it"
Issued before the delivery was booked in,660167,MTO for 54 PD stock,Rasha + 606+Mea 9 miss access,row 1275,"10 issued but only 0 booked in against a delivery note, with 30 still shown as ordered","Balance -10, 30 on order — book the delivery note in to clear it"
Issued before the delivery was booked in,660168,MTO for 54 PD stock,Rasha + 606+Mea 9 miss access,row 1276,"48 issued but only 0 booked in against a delivery note, with 50 still shown as ordered","Balance -48, 50 on order — book the delivery note in to clear it"
Issued before the delivery was booked in,9626192,"70PD & 90HI, 35PD CW - 7pcs","Villa D58, Flame Tree Ridge A",row 1121; row 1123,"6 issued but only 0 booked in against a delivery note, with 6 still shown as ordered","Balance -6, 6 on order — book the delivery note in to clear it"
Issued before the delivery was booked in,9626213,"70PD & 90HI, 35PD CW - 7pcs","Villa D58, Flame Tree Ridge A",row 1090,"5 issued but only 0 booked in against a delivery note, with 5 still shown as ordered","Balance -5, 5 on order — book the delivery note in to clear it"
Issued before the delivery was booked in,9640297,ASE 36 (BALANCE),"Villa 80 - ST3, Esmeralda – A",row 1036,"4 issued but only 0 booked in against a delivery note, with 20 still shown as ordered","Balance -4, 20 on order — book the delivery note in to clear it"
Issued before the delivery was booked in,9640301,ASE 36 (BALANCE),"Villa 80 - ST3, Esmeralda – A",row 1040,"2 issued but only 0 booked in against a delivery note, with 4 still shown as ordered","Balance -2, 4 on order — book the delivery note in to clear it"
Issued before the delivery was booked in,9643176,"70PD & 90HI, 35PD CW - 7pcs","Villa D58, Flame Tree Ridge A",row 1137; row 1138; row 1139,"10 issued but only 0 booked in against a delivery note, with 10 still shown as ordered","Balance -10, 10 on order — book the delivery note in to clear it"
Issued before the delivery was booked in,9643189,"70PD & 90HI, 35PD CW - 7pcs","Villa D58, Flame Tree Ridge A",row 1094,"6 issued but only 0 booked in against a delivery note, with 6 still shown as ordered","Balance -6, 6 on order — book the delivery note in to clear it"
Issued before the delivery was booked in,9643193,"70PD & 90HI, 35PD CW - 7pcs","Villa D58, Flame Tree Ridge A",row 1095,"3 issued but only 1 booked in against a delivery note, with 2 still shown as ordered","Balance -2, 2 on order — book the delivery note in to clear it"
Issued before the delivery was booked in,9643196,"70PD & 90HI, 35PD CW - 7pcs","Villa D58, Flame Tree Ridge A",row 1098,"1 issued but only 0 booked in against a delivery note, with 1 still shown as ordered","Balance -1, 1 on order — book the delivery note in to clear it"
Issued before the delivery was booked in,9643198,"70PD & 90HI, 35PD CW - 7pcs","Villa D58, Flame Tree Ridge A",row 1100,"2 issued but only 0 booked in against a delivery note, with 2 still shown as ordered","Balance -2, 2 on order — book the delivery note in to clear it"
Issued before the delivery was booked in,9643204,"70PD & 90HI, 35PD CW - 7pcs","Villa D58, Flame Tree Ridge A",row 1263,"16 issued but only 0 booked in against a delivery note, with 16 still shown as ordered","Balance -16, 16 on order — book the delivery note in to clear it"
Issued before the delivery was booked in,9648147,ASE 36 (BALANCE),"Villa 80 - ST3, Esmeralda – A",row 1043,"1 issued but only 0 booked in against a delivery note, with 5 still shown as ordered","Balance -1, 5 on order — book the delivery note in to clear it"
Issued before the delivery was booked in,9649621,ASE 36 (BALANCE),"Villa 80 - ST3, Esmeralda – A",row 1048,"1 issued but only 0 booked in against a delivery note, with 4 still shown as ordered","Balance -1, 4 on order — book the delivery note in to clear it"
Issued before the delivery was booked in,9649623,ASE 36 (BALANCE),"Villa 80 - ST3, Esmeralda – A",row 1049,"1 issued but only 0 booked in against a delivery note, with 4 still shown as ordered","Balance -1, 4 on order — book the delivery note in to clear it"
Issued before the delivery was booked in,9649625,ASE 36 (BALANCE),"Villa 80 - ST3, Esmeralda – A",row 1051,"1 issued but only 0 booked in against a delivery note, with 4 still shown as ordered","Balance -1, 4 on order — book the delivery note in to clear it"
Issued before the delivery was booked in,9649627,ASE 36 (BALANCE),"Villa 80 - ST3, Esmeralda – A",row 1052,"2 issued but only 0 booked in against a delivery note, with 10 still shown as ordered","Balance -2, 10 on order — book the delivery note in to clear it"
Issued before the delivery was booked in,9657618,ASE 36 (BALANCE),"Villa 80 - ST3, Esmeralda – A",row 1071,"14 issued but only 0 booked in against a delivery note, with 10 still shown as ordered","Balance -14, 10 on order — book the delivery note in to clear it"
Issued before the delivery was booked in,9659956,"70PD & 90HI, 35PD CW - 7pcs","Villa D58, Flame Tree Ridge A",row 1106,"4 issued but only 0 booked in against a delivery note, with 4 still shown as ordered","Balance -4, 4 on order — book the delivery note in to clear it"
Issued before the delivery was booked in,9660994,"70PD & 90HI, 35PD CW - 7pcs","Villa D58, Flame Tree Ridge A",row 1267,"304 issued but only 0 booked in against a delivery note, with 320 still shown as ordered","Balance -304, 320 on order — book the delivery note in to clear it"
Over-issued,205174,ASE 54 PD,Stock,row 428,"204 issued against 100 received, and nothing on order, so the balance is -104",Imported as the sheet has it — needs a count or a correcting receipt
Over-issued,205431,ASE 54 PD,Stock,row 424,"212 issued against 200 received, and nothing on order, so the balance is -12",Imported as the sheet has it — needs a count or a correcting receipt
Over-issued,236217,ADS / AWS 65,Stock,row 172,"144 issued against 84 received, and nothing on order, so the balance is -60",Imported as the sheet has it — needs a count or a correcting receipt
Over-issued,248979,ADS / AWS 65,Stock,row 94,"30 issued against 20 received, and nothing on order, so the balance is -10",Imported as the sheet has it — needs a count or a correcting receipt
Over-issued,276201,ADS / AWS 65,Stock,row 103,"38 issued against 20 received, and nothing on order, so the balance is -18",Imported as the sheet has it — needs a count or a correcting receipt
Over-issued,288191,ASE 36,Stock,row 540,"42 issued against 14 received, and nothing on order, so the balance is -28",Imported as the sheet has it — needs a count or a correcting receipt
Over-issued,288191,ASE 36 (BALANCE),"Villa 80 - ST3, Esmeralda – A",row 1081,"12 issued against 3 received, and nothing on order, so the balance is -9",Imported as the sheet has it — needs a count or a correcting receipt
Over-issued,9649621,ASE 36,Stock,row 506,"14 issued against 13 received, and nothing on order, so the balance is -1",Imported as the sheet has it — needs a count or a correcting receipt
Over-issued,9649623,ASE 36,Stock,row 508,"14 issued against 13 received, and nothing on order, so the balance is -1",Imported as the sheet has it — needs a count or a correcting receipt
Over-issued,9649625,ASE 36,Stock,row 510,"14 issued against 13 received, and nothing on order, so the balance is -1",Imported as the sheet has it — needs a count or a correcting receipt
Over-issued,9649628,ASE 36,Stock,row 513,"13 issued against 12 received, and nothing on order, so the balance is -1",Imported as the sheet has it — needs a count or a correcting receipt
Over-issued,9654598,ASE 36,Stock,row 533,"12 issued against 10 received, and nothing on order, so the balance is -2",Imported as the sheet has it — needs a count or a correcting receipt
Delivery notes do not add up to the total,288320,ASE 54 PD,Villa C35 and Apartment 606,row 465,the delivery note columns total 2 but Total Received Qty. says 200,Sheet total used; the note columns scaled to match
Received more than ordered,112720,ASE 80 Lift & Slide + CW,"Apartment 603, Kempinski Residences",row 755; row 783,"ordered 147, received 156",Nothing left on order
Received more than ordered,183070,ADS / AWS 65,Stock,row 26,"ordered 74, received 77",Nothing left on order
Received more than ordered,183090,ADS / AWS 65,Stock,row 28,"ordered 84, received 88",Nothing left on order
Received more than ordered,184040,ADS / AWS 65,Stock,row 38,"ordered 543, received 568",Nothing left on order
Received more than ordered,218157,ADS / AWS 65,Stock,row 155,"ordered 11100, received 11600",Nothing left on order
Received more than ordered,224541,ADS / AWS 65,Marsa Al Arab,row 633,"ordered 26, received 28",Nothing left on order
Received more than ordered,226943,ADS / AWS 65,Stock,row 162,"ordered 100, received 200",Nothing left on order
Received more than ordered,227812,ADS / AWS 65,Marsa Al Arab,row 638,"ordered 2, received 5",Nothing left on order
Received more than ordered,236199,ADS / AWS 65,Stock,row 171,"ordered 24, received 36",Nothing left on order
Received more than ordered,236217,ADS / AWS 65,Stock,row 172,"ordered 52, received 84",Nothing left on order
Received more than ordered,242502,ADS / AWS 65,Stock,row 183,"ordered 100, received 200",Nothing left on order
Received more than ordered,269049,ADS / AWS 65,Stock,row 96,"ordered 30, received 60",Nothing left on order
Received more than ordered,322430,ASE 80 Lift & Slide + CW,"Apartment 603, Kempinski Residences",row 758; row 784,"ordered 29, received 30",Nothing left on order
Received more than ordered,345280,ADS / AWS 65,Stock,row 33,"ordered 215, received 224",Nothing left on order
Received more than ordered,391490,ADS / AWS 65,Stock,row 7; row 9,"ordered 218, received 227",Nothing left on order
Received more than ordered,391520,ADS / AWS 65,Stock,row 10,"ordered 209, received 219",Nothing left on order
Received more than ordered,397850,ADS / AWS 65,Stock,row 25,"ordered 74, received 77",Nothing left on order
Received more than ordered,397880,ADS / AWS 65,Stock,row 27,"ordered 84, received 88",Nothing left on order
Received more than ordered,398010,ADS / AWS 65,Stock,row 15,"ordered 188, received 197",Nothing left on order
Received more than ordered,398020,ADS / AWS 65,Stock,row 16,"ordered 188, received 195",Nothing left on order
Received more than ordered,398050,ADS / AWS 65,Stock,row 17,"ordered 107, received 112",Nothing left on order
Received more than ordered,398060,ADS / AWS 65,Stock,row 18,"ordered 107, received 112",Nothing left on order
Received more than ordered,477600,ASE 80 Lift & Slide + CW,"Apartment 603, Kempinski Residences",row 759; row 785,"ordered 116, received 121",Nothing left on order
Received more than ordered,585010,ASE 54 PD,Stock,row 377; row 385; row 388; row 391,"ordered 143, received 144",Nothing left on order
Received more than ordered,585030,ASE 54 PD,Stock,row 363; row 364; row 365; row 366,"ordered 186, received 188",Nothing left on order
Received more than ordered,585040,ASE 54 PD,Stock,row 368; row 369,"ordered 60, received 64",Nothing left on order
Received more than ordered,585050,ASE 54 PD,Stock,row 381,"ordered 57, received 62",Nothing left on order
Received more than ordered,585080,ASE 54 PD,Stock,row 367,"ordered 62, received 66",Nothing left on order
Received more than ordered,585130,ASE 54 PD,Stock,row 372,"ordered 44, received 55",Nothing left on order
Received more than ordered,585240,ASE 54 PD,Stock,row 382,"ordered 62, received 66",Nothing left on order
Received more than ordered,9626195,ASE 70 PD.ME,Stock,row 198; row 200; row 207; row 210,"ordered 76, received 83",Nothing left on order
Received more than ordered,9626196,ASE 70 PD.ME,Stock,row 199; row 208; row 209,"ordered 44, received 46",Nothing left on order
Received more than ordered,9643168,ASE 70 PD.ME,Stock,row 224; row 227; row 228,"ordered 44, received 46",Nothing left on order
Received more than ordered,9643189,ASE 70 PD.ME,Stock,row 233,"ordered 42, received 44",Nothing left on order
Received more than ordered,9644717,ASE 70 PD.ME,Stock,row 221; row 222,"ordered 38, received 39",Nothing left on order
Received more than ordered,9645362,ASE 70 PD.ME,Stock,row 225; row 229,"ordered 38, received 39",Nothing left on order
Description differs,112720,ASE 80 Lift & Slide + CW,"Apartment 603, Kempinski Residences",row 755; row 783,Cover cap 15 | Cover cap 15 (T4),Most common kept: Cover cap 15
Description differs,322430,ASE 80 Lift & Slide + CW,"Apartment 603, Kempinski Residences",row 758; row 784,Transm 130 | Transm 130 (T4),Most common kept: Transm 130
Description differs,345120,ADS / AWS 65,Stock,row 31; row 35,OUTER FRAME 44/69 (363930)  ( I ) | TRANS/MULLION 44/94  (364010)  ( I ),Most common kept: OUTER FRAME 44/69 (363930)  ( I )
Description differs,391490,ADS / AWS 65,Stock,row 7; row 9,VENT PROFILE OW35/86 (319860)  ( I ) | VENT PROFILE OW35/86 (319870)  ( I ),Most common kept: VENT PROFILE OW35/86 (319860)  ( I )
Description differs,477600,ASE 80 Lift & Slide + CW,"Apartment 603, Kempinski Residences",row 759; row 785,Pressure plte P-p | Pressure plte P-p (T4),Most common kept: Pressure plte P-p
Description differs,585000,ASE 54 PD,Stock,row 376; row 384; row 386; row 387; row 390; row 393,"Outer frame RP-01 - SP-01 (557400) | Outer frame RP-02 - SP-01 with Gutter (557410) | Outer frame, Triple Track RP-03 - SP-01 (557420) | Outer frame, Triple Track RP-31 - SP-01 (557500) 600P",Most common kept: Outer frame RP-01 - SP-01 (557400)
Description differs,585010,ASE 54 PD,Stock,row 377; row 385; row 388; row 391,"Outer frame RP-01 - SP-02 (557400) | Outer frame RP-02 - SP-02 with Gutter (557410) | Outer frame, Triple Track RP-03 - SP-02 (557420) | Outer frame, Triple Track RP-31 - SP-02 (557500) 600P","Most common kept: Outer frame, Triple Track RP-31 - SP-02 (557500) 600P"
Description differs,585030,ASE 54 PD,Stock,row 363; row 364; row 365; row 366,Vent frame side RP-04 - SP-04 (557430) | Vent frame top & bottom RP-04 - SP-04 (557430),Most common kept: Vent frame top & bottom RP-04 - SP-04 (557430)
Description differs,585140,ASE 54 PD,Stock,row 379; row 389,"Outer frame RP-02 - SP-15 with Gutter (557410) | Outer frame, Triple Track RP-31 - SP-15 (557500) 600P","Most common kept: Outer frame, Triple Track RP-31 - SP-15 (557500) 600P"
Description differs,585210,ASE 54 PD,Stock,row 378; row 392,"Outer frame, Triple Track RP-03 - SP-22 (557420) | Outer frame, Triple Track RP-31 - SP-22 (557500) 600P","Most common kept: Outer frame, Triple Track RP-31 - SP-22 (557500) 600P"
Description differs,9626192,ASE 70 PD.ME,Stock,row 195; row 197; row 203; row 206,OUTER FRAME TOP (9626194)  ( I ) | OUTER FRAME TOP (9626194)  (O) | OUTER FRAME TOP (9626842)  ( I ) | OUTER FRAME TOP (9626842)  ( O ),Most common kept: OUTER FRAME TOP (9626194)  ( I )
Description differs,9626193,ASE 70 PD.ME,Stock,row 196; row 204; row 205,OUTER FRAME TOP (9626194)  (M) | OUTER FRAME TOP (9626842)  ( M ),Most common kept: OUTER FRAME TOP (9626842)  ( M )
Description differs,9626195,ASE 70 PD.ME,Stock,row 198; row 200; row 207; row 210,OUTER FRAME VERTICAL (9626197)  ( I ) | OUTER FRAME VERTICAL (9626197)  (O) | OUTER FRAME VERTICAL (9626843)  ( I ) | OUTER FRAME VERTICAL (9626843)  ( O ),Most common kept: OUTER FRAME VERTICAL (9626197)  ( I )
Description differs,9626196,ASE 70 PD.ME,Stock,row 199; row 208; row 209,OUTER FRAME VERTICAL (9626197)  (M) | OUTER FRAME VERTICAL (9626843)  ( M ),Most common kept: OUTER FRAME VERTICAL (9626843)  ( M )
Description differs,9626201,ASE 70 PD.ME,Stock,row 201; row 202,VENT FRAME VERTICAL  (9626202)  ( I ) | VENT FRAME VERTICAL  (9626202)  (O),Most common kept: VENT FRAME VERTICAL  (9626202)  ( I )
Description differs,9638547,ASE 36,Stock,row 470; row 471; row 474; row 476,Inner Shell | Outer Shell,Most common kept: Inner Shell
Description differs,9638549,ASE 36,Stock,row 472; row 473; row 477; row 479,Inner Shell | Outer Shell,Most common kept: Inner Shell
Description differs,9638553,ASE 36,Stock,row 466; row 468; row 469,Inner Shell | Outer Shell,Most common kept: Inner Shell
Description differs,9643167,ASE 70 PD.ME,Stock,row 223; row 226,OUTER FRAME BOTTOM 500 GUTTER (9645363)  ( I ) | OUTER FRAME BOTTOM 500 GUTTER (9645364)  ( I ),Most common kept: OUTER FRAME BOTTOM 500 GUTTER (9645363)  ( I )
Description differs,9643168,ASE 70 PD.ME,Stock,row 224; row 227; row 228,OUTER FRAME BOTTOM 500 GUTTER (9645363)  ( M ) | OUTER FRAME BOTTOM 500 GUTTER (9645364)  ( M ),Most common kept: OUTER FRAME BOTTOM 500 GUTTER (9645364)  ( M )
Description differs,9643171,ASE 70 PD.ME,Stock,row 211; row 213,SHUTTER FRAME BOTTOM (9643173)  ( I ) | SHUTTER FRAME BOTTOM (9643173)  ( O ),Most common kept: SHUTTER FRAME BOTTOM (9643173)  ( I )
Description differs,9643174,ASE 70 PD.ME,Stock,row 214; row 215,VENT FRAME  TOP (9643175)  ( I ) | VENT FRAME  TOP (9643175)  (O),Most common kept: VENT FRAME  TOP (9643175)  ( I )
Description differs,9643180,ASE 70 (POCKET SLIDING),1361,row 544; row 546,Vent Bottom Inner Profile (9643182) | Vent Bottom Outer Profile (9643182),Most common kept: Vent Bottom Inner Profile (9643182)
Description differs,9643180,ASE 70 PD.ME,Stock,row 218; row 220,SHUTTER FRAME BOTTOM (9643182)  ( I ) | SHUTTER FRAME BOTTOM (9643182)  ( O ),Most common kept: SHUTTER FRAME BOTTOM (9643182)  ( I )
Description differs,9644717,ASE 70 PD.ME,Stock,row 221; row 222,VENT FRAME VERTICAL  (9644718)  ( I ) | VENT FRAME VERTICAL  (9644718)  (O),Most common kept: VENT FRAME VERTICAL  (9644718)  ( I )
Description differs,9645362,ASE 70 PD.ME,Stock,row 225; row 229,OUTER FRAME BOTTOM 500 GUTTER (9645363)  ( O ) | OUTER FRAME BOTTOM 500 GUTTER (9645364)  ( O ),Most common kept: OUTER FRAME BOTTOM 500 GUTTER (9645363)  ( O )
Bar length differs,585000,ASE 54 PD,Stock,row 376; row 384; row 386; row 387; row 390; row 393,6000 mm | 6200 mm,Most common kept: 6000 mm
Bar length differs,585010,ASE 54 PD,Stock,row 377; row 385; row 388; row 391,6000 mm | 6200 mm,Most common kept: 6000 mm
No unit of measure,203540,ASE 54 PD sliding doors,MWADOWS-09,row 1320,unit column is blank,Imported with no unit
No unit of measure,205172,ASE 54 PD sliding doors,MWADOWS-09,row 1349,unit column is blank,Imported with no unit
No unit of measure,205174,ASE 54 PD sliding doors,MWADOWS-09,row 1348,unit column is blank,Imported with no unit
No unit of measure,205436,ASE 54 PD sliding doors,MWADOWS-09,row 1337,unit column is blank,Imported with no unit
No unit of measure,205437,ASE 54 PD sliding doors,MWADOWS-09,row 1350,unit column is blank,Imported with no unit
No unit of measure,205440,ASE 54 PD sliding doors,MWADOWS-09,row 1328,unit column is blank,Imported with no unit
No unit of measure,218156,ASE 54 PD sliding doors,MWADOWS-09,row 1329,unit column is blank,Imported with no unit
No unit of measure,218158,ASE 54 PD sliding doors,MWADOWS-09,row 1330,unit column is blank,Imported with no unit
No unit of measure,218168,ASE 54 PD sliding doors,MWADOWS-09,row 1347,unit column is blank,Imported with no unit
No unit of measure,224499,ASE 54 PD sliding doors,MWADOWS-09,row 1333,unit column is blank,Imported with no unit
No unit of measure,225137,ASE 54 PD sliding doors,MWADOWS-09,row 1338,unit column is blank,Imported with no unit
No unit of measure,225270,ASE 54 PD sliding doors,MWADOWS-09,row 1346,unit column is blank,Imported with no unit
No unit of measure,225677,ASE 54 PD sliding doors,MWADOWS-09,row 1335,unit column is blank,Imported with no unit
No unit of measure,225808,"70PD & 90HI, 35PD CW - 7pcs","Villa D58, Flame Tree Ridge A",row 1168,unit column is blank,Imported with no unit
No unit of measure,225901,"70PD & 90HI, 35PD CW - 7pcs","Villa D58, Flame Tree Ridge A",row 1169,unit column is blank,Imported with no unit
No unit of measure,225908,"70PD & 90HI, 35PD CW - 7pcs","Villa D58, Flame Tree Ridge A",row 1170,unit column is blank,Imported with no unit
No unit of measure,225943,"70PD & 90HI, 35PD CW - 7pcs","Villa D58, Flame Tree Ridge A",row 1171,unit column is blank,Imported with no unit
No unit of measure,240784,"70PD & 90HI, 35PD CW - 7pcs","Villa D58, Flame Tree Ridge A",row 1219,unit column is blank,Imported with no unit
No unit of measure,240791,"70PD & 90HI, 35PD CW - 7pcs","Villa D58, Flame Tree Ridge A",row 1172,unit column is blank,Imported with no unit
No unit of measure,240794,"70PD & 90HI, 35PD CW - 7pcs","Villa D58, Flame Tree Ridge A",row 1173,unit column is blank,Imported with no unit
No unit of measure,240802,"70PD & 90HI, 35PD CW - 7pcs","Villa D58, Flame Tree Ridge A",row 1174,unit column is blank,Imported with no unit
No unit of measure,240908,"70PD & 90HI, 35PD CW - 7pcs","Villa D58, Flame Tree Ridge A",row 1175,unit column is blank,Imported with no unit
No unit of measure,240909,"70PD & 90HI, 35PD CW - 7pcs","Villa D58, Flame Tree Ridge A",row 1176,unit column is blank,Imported with no unit
No unit of measure,241849,"70PD & 90HI, 35PD CW - 7pcs","Villa D58, Flame Tree Ridge A",row 1177,unit column is blank,Imported with no unit
No unit of measure,244202,ASE 54 PD sliding doors,MWADOWS-09,row 1321,unit column is blank,Imported with no unit
No unit of measure,258355,ASE 54 PD sliding doors,MWADOWS-09,row 1323,unit column is blank,Imported with no unit
No unit of measure,269191,"70PD & 90HI, 35PD CW - 7pcs","Villa D58, Flame Tree Ridge A",row 1179,unit column is blank,Imported with no unit
No unit of measure,269368,"70PD & 90HI, 35PD CW - 7pcs","Villa D58, Flame Tree Ridge A",row 1181,unit column is blank,Imported with no unit
No unit of measure,269946,ASE 54 PD sliding doors,MWADOWS-09,row 1362,unit column is blank,Imported with no unit
No unit of measure,269947,ASE 54 PD sliding doors,MWADOWS-09,row 1363,unit column is blank,Imported with no unit
No unit of measure,269948,ASE 54 PD sliding doors,MWADOWS-09,row 1371,unit column is blank,Imported with no unit
No unit of measure,279714,"70PD & 90HI, 35PD CW - 7pcs","Villa D58, Flame Tree Ridge A",row 1183,unit column is blank,Imported with no unit
No unit of measure,288190,ASE 54 PD sliding doors,MWADOWS-09,row 1326,unit column is blank,Imported with no unit
No unit of measure,298354,ASE 54 PD sliding doors,MWADOWS-09,row 1331,unit column is blank,Imported with no unit
No unit of measure,298444,ASE 54 PD sliding doors,MWADOWS-09,row 1332,unit column is blank,Imported with no unit
No unit of measure,298900,ASE 54 PD sliding doors,MWADOWS-09,row 1327,unit column is blank,Imported with no unit
No unit of measure,300001,ASE 54 PD sliding doors,MWADOWS-09,row 1364; row 1365; row 1369; row 1370; row 1374; row 1375,unit column is blank,Imported with no unit
No unit of measure,660167,ASE 54 PD sliding doors,MWADOWS-09,row 1372,unit column is blank,Imported with no unit
No unit of measure,660168,ASE 54 PD sliding doors,MWADOWS-09,row 1373,unit column is blank,Imported with no unit
